Metagenome 	Cycle	MEBS
4442467.3	iron 	8.758
4442467.3	methane	8.511
4442467.3	nitrogen 	30.938
4442467.3	oxygen	7.088
4445106.3	iron 	7.908
4445106.3	methane	10.345
4445106.3	nitrogen 	21.86
4445106.3	oxygen	4.331
4445130.3	iron 	7.204
4445130.3	methane	14.46
4445130.3	nitrogen 	26.736
4445130.3	oxygen	5.692
4445755.3	iron 	2.135
4445755.3	methane	-1.01
4445755.3	nitrogen 	7.746
4445755.3	oxygen	2.227
4445756.3	iron 	2.585
4445756.3	methane	0.269
4445756.3	nitrogen 	11.132
4445756.3	oxygen	2.113
4445990.3	iron 	8.234
4445990.3	methane	29.251
4445990.3	nitrogen 	34.246
4445990.3	oxygen	6.591
4445993.3	iron 	8.302
4445993.3	methane	24.334
4445993.3	nitrogen 	34.58
4445993.3	oxygen	5.939
4445994.3	iron 	8.234
4445994.3	methane	29.215
4445994.3	nitrogen 	34.586
4445994.3	oxygen	6.708
4445996.3	iron 	9.391
4445996.3	methane	25.048
4445996.3	nitrogen 	33.86
4445996.3	oxygen	6.663
4446153.3	iron 	9.391
4446153.3	methane	33.863
4446153.3	nitrogen 	36.102
4446153.3	oxygen	6.847
4446341.3	iron 	8.57
4446341.3	methane	22.314
4446341.3	nitrogen 	30.006
4446341.3	oxygen	5.821
4446342.3	iron 	9.517
4446342.3	methane	27.105
4446342.3	nitrogen 	30.418
4446342.3	oxygen	5.72
4446406.3	iron 	6.055
4446406.3	methane	10.675
4446406.3	nitrogen 	30.62
4446406.3	oxygen	6.931
4446411.3	iron 	5.329
4446411.3	methane	1.745
4446411.3	nitrogen 	20.921
4446411.3	oxygen	4.114
4446412.3	iron 	3.84
4446412.3	methane	3.743
4446412.3	nitrogen 	22.549
4446412.3	oxygen	4.062
4448052.3	iron 	8.894
4448052.3	methane	30.425
4448052.3	nitrogen 	34.295
4448052.3	oxygen	3.378
4449103.3	iron 	8.307
4449103.3	methane	29.569
4449103.3	nitrogen 	33.615
4449103.3	oxygen	6.681
4449104.3	iron 	8.522
4449104.3	methane	23.045
4449104.3	nitrogen 	32.455
4449104.3	oxygen	6.764
4449249.3	iron 	9.022
4449249.3	methane	10.501
4449249.3	nitrogen 	32.394
4449249.3	oxygen	3.652
4449252.3	iron 	8.952
4449252.3	methane	9.053
4449252.3	nitrogen 	32.456
4449252.3	oxygen	4.456
4449255.3	iron 	8.01
4449255.3	methane	9.265
4449255.3	nitrogen 	31.583
4449255.3	oxygen	5.781
4449256.3	iron 	9.563
4449256.3	methane	16.076
4449256.3	nitrogen 	31.861
4449256.3	oxygen	4.384
4449258.3	iron 	8.137
4449258.3	methane	16.241
4449258.3	nitrogen 	30.957
4449258.3	oxygen	3.168
4449284.3	iron 	7.936
4449284.3	methane	11.659
4449284.3	nitrogen 	31.504
4449284.3	oxygen	4.466
4449356.3	iron 	8.201
4449356.3	methane	11.544
4449356.3	nitrogen 	32.017
4449356.3	oxygen	5.685
4449357.3	iron 	8.442
4449357.3	methane	13.591
4449357.3	nitrogen 	31.326
4449357.3	oxygen	3.874
4449358.3	iron 	9.074
4449358.3	methane	11.313
4449358.3	nitrogen 	32.007
4449358.3	oxygen	3.561
4449359.3	iron 	8.298
4449359.3	methane	8.465
4449359.3	nitrogen 	31.385
4449359.3	oxygen	5.818
4449360.3	iron 	8
4449360.3	methane	21.073
4449360.3	nitrogen 	32.824
4449360.3	oxygen	5.801
4449362.3	iron 	9.02
4449362.3	methane	13.708
4449362.3	nitrogen 	31.219
4449362.3	oxygen	4.448
4449363.3	iron 	8.628
4449363.3	methane	7.049
4449363.3	nitrogen 	31.63
4449363.3	oxygen	3.552
4449364.3	iron 	8.736
4449364.3	methane	18.701
4449364.3	nitrogen 	33.389
4449364.3	oxygen	6.591
4449365.3	iron 	7.878
4449365.3	methane	7.76
4449365.3	nitrogen 	28.597
4449365.3	oxygen	6.916
4449877.3	iron 	7.519
4449877.3	methane	17.056
4449877.3	nitrogen 	32.459
4449877.3	oxygen	6.724
4449956.3	iron 	9.391
4449956.3	methane	76.273
4449956.3	nitrogen 	36.45
4449956.3	oxygen	6.842
4450123.3	iron 	9.517
4450123.3	methane	30.478
4450123.3	nitrogen 	34.115
4450123.3	oxygen	6.799
4450124.3	iron 	9.255
4450124.3	methane	20.113
4450124.3	nitrogen 	33.524
4450124.3	oxygen	6.567
4450125.3	iron 	9.639
4450125.3	methane	28.803
4450125.3	nitrogen 	33.419
4450125.3	oxygen	6.623
4450126.3	iron 	9.142
4450126.3	methane	36.78
4450126.3	nitrogen 	34.709
4450126.3	oxygen	6.762
4450127.3	iron 	9.581
4450127.3	methane	42.103
4450127.3	nitrogen 	31.72
4450127.3	oxygen	5.54
4450249.3	iron 	8.167
4450249.3	methane	3.74
4450249.3	nitrogen 	21.189
4450249.3	oxygen	3.61
4450250.3	iron 	6.914
4450250.3	methane	8.711
4450250.3	nitrogen 	19.193
4450250.3	oxygen	2.253
4450328.3	iron 	9.391
4450328.3	methane	31.206
4450328.3	nitrogen 	35.682
4450328.3	oxygen	6.862
4450750.3	iron 	7.357
4450750.3	methane	22.491
4450750.3	nitrogen 	33.404
4450750.3	oxygen	5.711
4450752.3	iron 	6.107
4450752.3	methane	14.691
4450752.3	nitrogen 	33.449
4450752.3	oxygen	6.653
4451103.3	iron 	9.391
4451103.3	methane	32.445
4451103.3	nitrogen 	35.087
4451103.3	oxygen	6.576
4451104.3	iron 	9.459
4451104.3	methane	34.972
4451104.3	nitrogen 	35.521
4451104.3	oxygen	6.839
4451105.3	iron 	8.234
4451105.3	methane	32.319
4451105.3	nitrogen 	34.24
4451105.3	oxygen	6.649
4451106.3	iron 	9.391
4451106.3	methane	30.221
4451106.3	nitrogen 	34.878
4451106.3	oxygen	6.948
4451759.3	iron 	6.999
4451759.3	methane	30.157
4451759.3	nitrogen 	28.748
4451759.3	oxygen	5.737
4451761.3	iron 	7.096
4451761.3	methane	73.169
4451761.3	nitrogen 	27.921
4451761.3	oxygen	5.13
4453064.3	iron 	8.972
4453064.3	methane	17.479
4453064.3	nitrogen 	27.059
4453064.3	oxygen	5.718
4453083.3	iron 	9.187
4453083.3	methane	36.609
4453083.3	nitrogen 	31
4453083.3	oxygen	5.686
4453246.3	iron 	9.391
4453246.3	methane	32.175
4453246.3	nitrogen 	34.753
4453246.3	oxygen	6.554
4453247.3	iron 	9.391
4453247.3	methane	32.153
4453247.3	nitrogen 	35.164
4453247.3	oxygen	6.554
4453254.3	iron 	9.391
4453254.3	methane	36.359
4453254.3	nitrogen 	34.395
4453254.3	oxygen	6.591
4453257.3	iron 	9.391
4453257.3	methane	26.885
4453257.3	nitrogen 	34.653
4453257.3	oxygen	6.576
4453261.3	iron 	9.391
4453261.3	methane	32.45
4453261.3	nitrogen 	35.066
4453261.3	oxygen	6.562
4453274.3	iron 	9.391
4453274.3	methane	33.285
4453274.3	nitrogen 	34.741
4453274.3	oxygen	6.63
4453297.3	iron 	6.732
4453297.3	methane	22.905
4453297.3	nitrogen 	28.803
4453297.3	oxygen	5.043
4453374.3	iron 	7.69
4453374.3	methane	16.837
4453374.3	nitrogen 	30.384
4453374.3	oxygen	6.688
4453381.3	iron 	3.671
4453381.3	methane	8.312
4453381.3	nitrogen 	24.505
4453381.3	oxygen	6.183
4453406.3	iron 	9.391
4453406.3	methane	30.78
4453406.3	nitrogen 	35.066
4453406.3	oxygen	6.562
4453407.3	iron 	9.391
4453407.3	methane	31.982
4453407.3	nitrogen 	35.16
4453407.3	oxygen	6.554
4453433.3	iron 	9.459
4453433.3	methane	28.052
4453433.3	nitrogen 	35.687
4453433.3	oxygen	6.847
4453434.3	iron 	9.391
4453434.3	methane	32.681
4453434.3	nitrogen 	35.166
4453434.3	oxygen	6.568
4453435.3	iron 	9.449
4453435.3	methane	30.78
4453435.3	nitrogen 	35.066
4453435.3	oxygen	6.562
4453436.3	iron 	9.449
4453436.3	methane	27.077
4453436.3	nitrogen 	35.274
4453436.3	oxygen	6.626
4454153.3	iron 	9.391
4454153.3	methane	18.961
4454153.3	nitrogen 	32.226
4454153.3	oxygen	6.908
4460178.3	iron 	8.429
4460178.3	methane	12.823
4460178.3	nitrogen 	32.357
4460178.3	oxygen	6.764
4460179.3	iron 	6.868
4460179.3	methane	9.012
4460179.3	nitrogen 	32.699
4460179.3	oxygen	6.812
4460180.3	iron 	7.737
4460180.3	methane	16.564
4460180.3	nitrogen 	33.401
4460180.3	oxygen	6.801
4460182.3	iron 	7.952
4460182.3	methane	18.56
4460182.3	nitrogen 	32.576
4460182.3	oxygen	5.774
4460188.3	iron 	8.307
4460188.3	methane	12.742
4460188.3	nitrogen 	32.613
4460188.3	oxygen	5.891
4460189.3	iron 	9.606
4460189.3	methane	26.962
4460189.3	nitrogen 	34.861
4460189.3	oxygen	5.757
4460190.3	iron 	7.936
4460190.3	methane	15.978
4460190.3	nitrogen 	33.952
4460190.3	oxygen	6.884
4460441.3	iron 	7.461
4460441.3	methane	7.466
4460441.3	nitrogen 	15.414
4460441.3	oxygen	2.285
4461011.3	iron 	9.391
4461011.3	methane	45.607
4461011.3	nitrogen 	35.897
4461011.3	oxygen	6.839
4461013.3	iron 	9.391
4461013.3	methane	42.959
4461013.3	nitrogen 	35.285
4461013.3	oxygen	6.554
4461444.3	iron 	6.375
4461444.3	methane	11.319
4461444.3	nitrogen 	26.643
4461444.3	oxygen	7.386
4461452.3	iron 	3.903
4461452.3	methane	1.67
4461452.3	nitrogen 	21.576
4461452.3	oxygen	3.953
4461453.3	iron 	3.321
4461453.3	methane	4.505
4461453.3	nitrogen 	21.581
4461453.3	oxygen	4.204
4461455.3	iron 	5.472
4461455.3	methane	7.552
4461455.3	nitrogen 	26.312
4461455.3	oxygen	3.691
4461840.3	iron 	9.391
4461840.3	methane	51.854
4461840.3	nitrogen 	35.799
4461840.3	oxygen	6.847
4464073.3	iron 	7.635
4464073.3	methane	5.093
4464073.3	nitrogen 	28.811
4464073.3	oxygen	4.223
4464109.3	iron 	7.017
4464109.3	methane	6.549
4464109.3	nitrogen 	27.682
4464109.3	oxygen	2.847
4465556.3	iron 	9.391
4465556.3	methane	21.353
4465556.3	nitrogen 	32.792
4465556.3	oxygen	4.436
4465558.3	iron 	8.103
4465558.3	methane	21.642
4465558.3	nitrogen 	33.58
4465558.3	oxygen	6.757
4467029.3	iron 	9.517
4467029.3	methane	18.446
4467029.3	nitrogen 	34.164
4467029.3	oxygen	6.915
4467058.3	iron 	8.365
4467058.3	methane	15.794
4467058.3	nitrogen 	33.498
4467058.3	oxygen	6.623
4467059.3	iron 	7.822
4467059.3	methane	18.487
4467059.3	nitrogen 	30.367
4467059.3	oxygen	6.859
4478241.3	iron 	4.347
4478241.3	methane	38.956
4478241.3	nitrogen 	24.396
4478241.3	oxygen	2.642
4478242.3	iron 	8.337
4478242.3	methane	40.475
4478242.3	nitrogen 	27.533
4478242.3	oxygen	4.054
4478244.3	iron 	7.208
4478244.3	methane	17.345
4478244.3	nitrogen 	31.062
4478244.3	oxygen	6.829
4485218.3	iron 	9.459
4485218.3	methane	61.938
4485218.3	nitrogen 	35.515
4485218.3	oxygen	6.861
4485219.3	iron 	9.391
4485219.3	methane	67.785
4485219.3	nitrogen 	35.343
4485219.3	oxygen	5.91
4485981.3	iron 	9.459
4485981.3	methane	61.938
4485981.3	nitrogen 	35.515
4485981.3	oxygen	6.861
4485982.3	iron 	9.391
4485982.3	methane	67.785
4485982.3	nitrogen 	34.551
4485982.3	oxygen	5.91
4494598.3	iron 	7.022
4494598.3	methane	2.039
4494598.3	nitrogen 	18.276
4494598.3	oxygen	1.978
4494602.3	iron 	4.155
4494602.3	methane	1.793
4494602.3	nitrogen 	13.999
4494602.3	oxygen	4.614
4494607.3	iron 	5.712
4494607.3	methane	9.858
4494607.3	nitrogen 	30.849
4494607.3	oxygen	7.01
4497349.3	iron 	3.418
4497349.3	methane	39.127
4497349.3	nitrogen 	23.665
4497349.3	oxygen	3.752
4501098.3	iron 	1.861
4501098.3	methane	6.14
4501098.3	nitrogen 	11.576
4501098.3	oxygen	1.973
4508401.3	iron 	6.3
4508401.3	methane	12.607
4508401.3	nitrogen 	19.926
4508401.3	oxygen	3.224
4508402.3	iron 	6.373
4508402.3	methane	3.614
4508402.3	nitrogen 	30.144
4508402.3	oxygen	4.341
4508403.3	iron 	6.884
4508403.3	methane	4.59
4508403.3	nitrogen 	30.868
4508403.3	oxygen	4.348
4508404.3	iron 	6.867
4508404.3	methane	9.568
4508404.3	nitrogen 	26.026
4508404.3	oxygen	2.876
4508831.3	iron 	7.657
4508831.3	methane	13.46
4508831.3	nitrogen 	27.531
4508831.3	oxygen	5.803
4510337.3	iron 	4.184
4510337.3	methane	14.424
4510337.3	nitrogen 	27.787
4510337.3	oxygen	5.55
4516288.3	iron 	7.208
4516288.3	methane	14.559
4516288.3	nitrogen 	30.246
4516288.3	oxygen	5.829
4516289.3	iron 	8.302
4516289.3	methane	25.851
4516289.3	nitrogen 	32.574
4516289.3	oxygen	6.68
4516290.3	iron 	6.936
4516290.3	methane	26.218
4516290.3	nitrogen 	33.167
4516290.3	oxygen	6.591
4516291.3	iron 	8.648
4516291.3	methane	22.278
4516291.3	nitrogen 	32.151
4516291.3	oxygen	6.615
4516292.3	iron 	6.137
4516292.3	methane	20.563
4516292.3	nitrogen 	31.529
4516292.3	oxygen	6.5
4516293.3	iron 	8.522
4516293.3	methane	19.495
4516293.3	nitrogen 	32.262
4516293.3	oxygen	6.78
4539094.3	iron 	9.129
4539094.3	methane	24.515
4539094.3	nitrogen 	31.765
4539094.3	oxygen	6.625
4539095.3	iron 	8.234
4539095.3	methane	21.391
4539095.3	nitrogen 	31.654
4539095.3	oxygen	6.705
4539502.3	iron 	9.391
4539502.3	methane	32.607
4539502.3	nitrogen 	33.036
4539502.3	oxygen	6.718
4539503.3	iron 	8.234
4539503.3	methane	26.605
4539503.3	nitrogen 	33.163
4539503.3	oxygen	6.764
4539504.3	iron 	9.391
4539504.3	methane	29.374
4539504.3	nitrogen 	32.802
4539504.3	oxygen	6.764
4539505.3	iron 	7.365
4539505.3	methane	26.582
4539505.3	nitrogen 	33.081
4539505.3	oxygen	6.764
4539506.3	iron 	7.645
4539506.3	methane	17.255
4539506.3	nitrogen 	29.73
4539506.3	oxygen	6.521
4539507.3	iron 	8.307
4539507.3	methane	33.662
4539507.3	nitrogen 	33.472
4539507.3	oxygen	5.758
4539508.3	iron 	7.15
4539508.3	methane	26.711
4539508.3	nitrogen 	33.564
4539508.3	oxygen	6.764
4539509.3	iron 	9.606
4539509.3	methane	23.511
4539509.3	nitrogen 	32.865
4539509.3	oxygen	6.874
4539510.3	iron 	9.391
4539510.3	methane	29.899
4539510.3	nitrogen 	34.482
4539510.3	oxygen	6.764
4539511.3	iron 	7.15
4539511.3	methane	28.631
4539511.3	nitrogen 	31.482
4539511.3	oxygen	3.473
4539512.3	iron 	9.344
4539512.3	methane	18.073
4539512.3	nitrogen 	32.259
4539512.3	oxygen	6.828
4539513.3	iron 	9.391
4539513.3	methane	29.371
4539513.3	nitrogen 	33.997
4539513.3	oxygen	6.774
4549766.3	iron 	9.391
4549766.3	methane	43.323
4549766.3	nitrogen 	36.102
4549766.3	oxygen	6.847
4549767.3	iron 	9.391
4549767.3	methane	52.798
4549767.3	nitrogen 	34.606
4549767.3	oxygen	6.762
4550960.3	iron 	9.391
4550960.3	methane	33.549
4550960.3	nitrogen 	35.547
4550960.3	oxygen	6.562
4554152.3	iron 	7.888
4554152.3	methane	9.453
4554152.3	nitrogen 	20.037
4554152.3	oxygen	3.708
4554153.3	iron 	5.54
4554153.3	methane	5.8
4554153.3	nitrogen 	16.744
4554153.3	oxygen	2.001
4554154.3	iron 	5.019
4554154.3	methane	8.594
4554154.3	nitrogen 	16.302
4554154.3	oxygen	2.156
4554155.3	iron 	9.149
4554155.3	methane	24.888
4554155.3	nitrogen 	28.353
4554155.3	oxygen	5.297
4554156.3	iron 	6.763
4554156.3	methane	8.858
4554156.3	nitrogen 	16.197
4554156.3	oxygen	4.809
4554157.3	iron 	7.833
4554157.3	methane	12.877
4554157.3	nitrogen 	25.155
4554157.3	oxygen	5.755
4554158.3	iron 	4.688
4554158.3	methane	8.311
4554158.3	nitrogen 	22.767
4554158.3	oxygen	2.29
4554159.3	iron 	7.259
4554159.3	methane	22.298
4554159.3	nitrogen 	29.944
4554159.3	oxygen	5.632
4557977.3	iron 	4.22
4557977.3	methane	5.058
4557977.3	nitrogen 	26.33
4557977.3	oxygen	3.58
4557978.3	iron 	6.721
4557978.3	methane	14.933
4557978.3	nitrogen 	26.824
4557978.3	oxygen	5.917
4557983.3	iron 	7.778
4557983.3	methane	11.666
4557983.3	nitrogen 	28.938
4557983.3	oxygen	6.491
4557985.3	iron 	6.936
4557985.3	methane	13.017
4557985.3	nitrogen 	28.761
4557985.3	oxygen	5.785
4557987.3	iron 	9.391
4557987.3	methane	25.705
4557987.3	nitrogen 	33.768
4557987.3	oxygen	5.64
4557989.3	iron 	6.449
4557989.3	methane	9.995
4557989.3	nitrogen 	32.228
4557989.3	oxygen	5.716
4557990.3	iron 	6.888
4557990.3	methane	17.721
4557990.3	nitrogen 	31.767
4557990.3	oxygen	6.577
4557992.3	iron 	7.365
4557992.3	methane	16.865
4557992.3	nitrogen 	30.153
4557992.3	oxygen	5.723
4557993.3	iron 	6.868
4557993.3	methane	12.044
4557993.3	nitrogen 	28.127
4557993.3	oxygen	5.662
4557996.3	iron 	5.493
4557996.3	methane	11.338
4557996.3	nitrogen 	30.419
4557996.3	oxygen	5.64
4557997.3	iron 	9.084
4557997.3	methane	29.084
4557997.3	nitrogen 	34.598
4557997.3	oxygen	6.874
4557998.3	iron 	6.721
4557998.3	methane	12.866
4557998.3	nitrogen 	29.041
4557998.3	oxygen	6.061
4559109.3	iron 	6.936
4559109.3	methane	18.007
4559109.3	nitrogen 	30.011
4559109.3	oxygen	5.6
4440966.3	iron 	4.579
4440966.3	methane	8.804
4440966.3	nitrogen 	20.672
4440966.3	oxygen	1.178
4441091.3	iron 	5.955
4441091.3	methane	1.94
4441091.3	nitrogen 	18.842
4441091.3	oxygen	2.857
4441102.3	iron 	8.979
4441102.3	methane	13.119
4441102.3	nitrogen 	23.677
4441102.3	oxygen	3.715
4441571.3	iron 	1.209
4441571.3	methane	5.298
4441571.3	nitrogen 	13.653
4441571.3	oxygen	4.743
4441572.3	iron 	0.837
4441572.3	methane	1.874
4441572.3	nitrogen 	3.697
4441572.3	oxygen	1.224
4441575.3	iron 	1.763
4441575.3	methane	2.07
4441575.3	nitrogen 	14.437
4441575.3	oxygen	2.027
4441576.3	iron 	0.264
4441576.3	methane	0.5
4441576.3	nitrogen 	6.13
4441576.3	oxygen	-1.181
4441577.3	iron 	0.879
4441577.3	methane	0.261
4441577.3	nitrogen 	4.61
4441577.3	oxygen	-0.045
4441579.3	iron 	0.414
4441579.3	methane	1.357
4441579.3	nitrogen 	7.234
4441579.3	oxygen	0.132
4441580.3	iron 	0.388
4441580.3	methane	0.399
4441580.3	nitrogen 	3.582
4441580.3	oxygen	-0.305
4441581.3	iron 	1.099
4441581.3	methane	-0.42
4441581.3	nitrogen 	2.573
4441581.3	oxygen	-0.349
4441583.3	iron 	1.953
4441583.3	methane	1.614
4441583.3	nitrogen 	10.325
4441583.3	oxygen	-0.163
4441584.3	iron 	1.75
4441584.3	methane	5.22
4441584.3	nitrogen 	9.019
4441584.3	oxygen	1.485
4441586.3	iron 	0.931
4441586.3	methane	1.194
4441586.3	nitrogen 	7.682
4441586.3	oxygen	1.057
4441587.3	iron 	1.602
4441587.3	methane	0.961
4441587.3	nitrogen 	10.201
4441587.3	oxygen	1.992
4441588.3	iron 	1.173
4441588.3	methane	-1.331
4441588.3	nitrogen 	5.281
4441588.3	oxygen	0.944
4441592.3	iron 	4.147
4441592.3	methane	0.205
4441592.3	nitrogen 	13.906
4441592.3	oxygen	2.314
4441659.3	iron 	3.326
4441659.3	methane	2.093
4441659.3	nitrogen 	13.023
4441659.3	oxygen	3.047
4441660.3	iron 	1.525
4441660.3	methane	2.216
4441660.3	nitrogen 	9.5
4441660.3	oxygen	1.219
4441663.3	iron 	8.979
4441663.3	methane	13.119
4441663.3	nitrogen 	23.677
4441663.3	oxygen	3.715
4443753.3	iron 	1.88
4443753.3	methane	0.563
4443753.3	nitrogen 	4.449
4443753.3	oxygen	-0.028
4443754.3	iron 	1.565
4443754.3	methane	3.662
4443754.3	nitrogen 	7.281
4443754.3	oxygen	3.809
4443755.3	iron 	1.261
4443755.3	methane	0.844
4443755.3	nitrogen 	4.658
4443755.3	oxygen	2.033
4443756.3	iron 	-0.003
4443756.3	methane	0.337
4443756.3	nitrogen 	3.645
4443756.3	oxygen	0.938
4447951.3	iron 	8.033
4447951.3	methane	11.91
4447951.3	nitrogen 	26.681
4447951.3	oxygen	3.994
4453256.3	iron 	9.273
4453256.3	methane	32.515
4453256.3	nitrogen 	34.74
4453256.3	oxygen	6.718
4453375.3	iron 	7.892
4453375.3	methane	20.234
4453375.3	nitrogen 	31.893
4453375.3	oxygen	5.997
4453376.3	iron 	7.892
4453376.3	methane	16.34
4453376.3	nitrogen 	31.249
4453376.3	oxygen	5.893
4453379.3	iron 	4.14
4453379.3	methane	8.411
4453379.3	nitrogen 	23.574
4453379.3	oxygen	5.828
4453380.3	iron 	6.01
4453380.3	methane	14.452
4453380.3	nitrogen 	30.149
4453380.3	oxygen	6.163
4453382.3	iron 	7.16
4453382.3	methane	3.683
4453382.3	nitrogen 	18.899
4453382.3	oxygen	4.802
4454501.3	iron 	7.196
4454501.3	methane	11.004
4454501.3	nitrogen 	29.914
4454501.3	oxygen	6.183
4454502.3	iron 	4.338
4454502.3	methane	9.47
4454502.3	nitrogen 	26.467
4454502.3	oxygen	5.834
4454503.3	iron 	3.272
4454503.3	methane	3.304
4454503.3	nitrogen 	17.864
4454503.3	oxygen	4.568
4454504.3	iron 	8.214
4454504.3	methane	15.332
4454504.3	nitrogen 	25.63
4454504.3	oxygen	6.302
4454505.3	iron 	5.312
4454505.3	methane	8.689
4454505.3	nitrogen 	19.466
4454505.3	oxygen	5.995
4454506.3	iron 	3.625
4454506.3	methane	4.34
4454506.3	nitrogen 	14.34
4454506.3	oxygen	3.45
4454686.3	iron 	1.96
4454686.3	methane	3.18
4454686.3	nitrogen 	23.152
4454686.3	oxygen	2.116
4454687.3	iron 	2.073
4454687.3	methane	2.445
4454687.3	nitrogen 	17.113
4454687.3	oxygen	0.967
4454688.3	iron 	0.902
4454688.3	methane	1.547
4454688.3	nitrogen 	9.472
4454688.3	oxygen	0.992
4454689.3	iron 	3.188
4454689.3	methane	0.591
4454689.3	nitrogen 	11.753
4454689.3	oxygen	1.452
4454691.3	iron 	1.553
4454691.3	methane	-0.398
4454691.3	nitrogen 	8.066
4454691.3	oxygen	1.271
4454692.3	iron 	0.012
4454692.3	methane	-0.691
4454692.3	nitrogen 	2.74
4454692.3	oxygen	0.507
4454693.3	iron 	3.636
4454693.3	methane	2.696
4454693.3	nitrogen 	15.107
4454693.3	oxygen	2.743
4454694.3	iron 	0.947
4454694.3	methane	-1.018
4454694.3	nitrogen 	5.937
4454694.3	oxygen	1.338
4454695.3	iron 	3.295
4454695.3	methane	0.124
4454695.3	nitrogen 	11.798
4454695.3	oxygen	2.962
4454696.3	iron 	1.354
4454696.3	methane	1.104
4454696.3	nitrogen 	6.089
4454696.3	oxygen	3.926
4454697.3	iron 	0.169
4454697.3	methane	1.587
4454697.3	nitrogen 	2.47
4454697.3	oxygen	2.733
4454698.3	iron 	1.158
4454698.3	methane	-0.184
4454698.3	nitrogen 	6.225
4454698.3	oxygen	1.754
4454699.3	iron 	3.795
4454699.3	methane	6.678
4454699.3	nitrogen 	26.15
4454699.3	oxygen	2.938
4454700.3	iron 	2.544
4454700.3	methane	6.12
4454700.3	nitrogen 	18.905
4454700.3	oxygen	2.758
4454701.3	iron 	3.484
4454701.3	methane	1.725
4454701.3	nitrogen 	12.738
4454701.3	oxygen	0.403
4454702.3	iron 	1.483
4454702.3	methane	1.716
4454702.3	nitrogen 	6.164
4454702.3	oxygen	1.724
4454703.3	iron 	3.102
4454703.3	methane	2.231
4454703.3	nitrogen 	12.955
4454703.3	oxygen	2.781
4454704.3	iron 	0.515
4454704.3	methane	0.025
4454704.3	nitrogen 	3.161
4454704.3	oxygen	-0.397
4477749.3	iron 	8.88
4477749.3	methane	20.203
4477749.3	nitrogen 	33.597
4477749.3	oxygen	6.869
4477751.3	iron 	9.339
4477751.3	methane	22.769
4477751.3	nitrogen 	33.202
4477751.3	oxygen	6.822
4477755.3	iron 	8.899
4477755.3	methane	16.905
4477755.3	nitrogen 	33.452
4477755.3	oxygen	6.901
4477757.3	iron 	9.422
4477757.3	methane	21.883
4477757.3	nitrogen 	33.689
4477757.3	oxygen	6.774
4477789.3	iron 	8.863
4477789.3	methane	18.717
4477789.3	nitrogen 	32.867
4477789.3	oxygen	4.611
4477790.3	iron 	8.344
4477790.3	methane	21.503
4477790.3	nitrogen 	33.073
4477790.3	oxygen	4.449
4478030.3	iron 	9.412
4478030.3	methane	20.024
4478030.3	nitrogen 	34.042
4478030.3	oxygen	6.869
4478037.3	iron 	8.102
4478037.3	methane	24.631
4478037.3	nitrogen 	33.612
4478037.3	oxygen	6.764
4478038.3	iron 	9.422
4478038.3	methane	27.302
4478038.3	nitrogen 	33.585
4478038.3	oxygen	6.748
4478222.3	iron 	9.422
4478222.3	methane	13.877
4478222.3	nitrogen 	33.204
4478222.3	oxygen	5.81
4478283.3	iron 	9.339
4478283.3	methane	14.934
4478283.3	nitrogen 	33.024
4478283.3	oxygen	4.441
4478290.3	iron 	7.785
4478290.3	methane	20.113
4478290.3	nitrogen 	32.976
4478290.3	oxygen	4.577
4478291.3	iron 	8.899
4478291.3	methane	14.751
4478291.3	nitrogen 	33.228
4478291.3	oxygen	5.97
4478292.3	iron 	8.178
4478292.3	methane	18.024
4478292.3	nitrogen 	32.734
4478292.3	oxygen	4.521
4478294.3	iron 	7.775
4478294.3	methane	14.486
4478294.3	nitrogen 	33.376
4478294.3	oxygen	5.872
4478934.3	iron 	4.495
4478934.3	methane	3.354
4478934.3	nitrogen 	25.494
4478934.3	oxygen	5.012
4478936.3	iron 	8.936
4478936.3	methane	26.375
4478936.3	nitrogen 	33.083
4478936.3	oxygen	4.673
4478937.3	iron 	7.755
4478937.3	methane	26.085
4478937.3	nitrogen 	33.328
4478937.3	oxygen	6.925
4478938.3	iron 	7.427
4478938.3	methane	15.107
4478938.3	nitrogen 	32.506
4478938.3	oxygen	3.64
4478939.3	iron 	8.88
4478939.3	methane	16.247
4478939.3	nitrogen 	32.579
4478939.3	oxygen	4.594
4478940.3	iron 	9.595
4478940.3	methane	22.523
4478940.3	nitrogen 	33.689
4478940.3	oxygen	5.861
4478941.3	iron 	9.273
4478941.3	methane	21.762
4478941.3	nitrogen 	32.571
4478941.3	oxygen	4.523
4478943.3	iron 	9.422
4478943.3	methane	19.481
4478943.3	nitrogen 	34.177
4478943.3	oxygen	7.279
4479311.3	iron 	9.346
4479311.3	methane	22.626
4479311.3	nitrogen 	33.521
4479311.3	oxygen	6.878
4479361.3	iron 	9.273
4479361.3	methane	76.003
4479361.3	nitrogen 	33.888
4479361.3	oxygen	6.7
4479944.3	iron 	9.273
4479944.3	methane	76.896
4479944.3	nitrogen 	35.678
4479944.3	oxygen	7.149
4489328.3	iron 	8.195
4489328.3	methane	4.397
4489328.3	nitrogen 	30.163
4489328.3	oxygen	3.6
4494599.3	iron 	7.754
4494599.3	methane	10.191
4494599.3	nitrogen 	30.154
4494599.3	oxygen	3.594
4494600.3	iron 	6.814
4494600.3	methane	17.817
4494600.3	nitrogen 	30.548
4494600.3	oxygen	5.954
4494601.3	iron 	7.719
4494601.3	methane	19.453
4494601.3	nitrogen 	31.513
4494601.3	oxygen	5.805
4494603.3	iron 	8.59
4494603.3	methane	19.638
4494603.3	nitrogen 	29.149
4494603.3	oxygen	6.427
4494604.3	iron 	6.21
4494604.3	methane	16.55
4494604.3	nitrogen 	30.568
4494604.3	oxygen	6.129
4494605.3	iron 	8.647
4494605.3	methane	21.692
4494605.3	nitrogen 	30.605
4494605.3	oxygen	5.97
4494606.3	iron 	6.814
4494606.3	methane	13.415
4494606.3	nitrogen 	30.672
4494606.3	oxygen	6.017
4494608.3	iron 	6.709
4494608.3	methane	9.268
4494608.3	nitrogen 	30.081
4494608.3	oxygen	7.149
4494609.3	iron 	7.719
4494609.3	methane	10.888
4494609.3	nitrogen 	31.946
4494609.3	oxygen	3.555
4501099.3	iron 	1.286
4501099.3	methane	2.978
4501099.3	nitrogen 	5.328
4501099.3	oxygen	1.278
4504797.3	iron 	9.273
4504797.3	methane	33.395
4504797.3	nitrogen 	36.088
4504797.3	oxygen	7.157
4504798.3	iron 	9.273
4504798.3	methane	38.959
4504798.3	nitrogen 	36.088
4504798.3	oxygen	7.157
4510335.3	iron 	7.702
4510335.3	methane	35.74
4510335.3	nitrogen 	33
4510335.3	oxygen	7.292
4510336.3	iron 	6.293
4510336.3	methane	8.829
4510336.3	nitrogen 	29.777
4510336.3	oxygen	7
4515476.3	iron 	7.345
4515476.3	methane	4.65
4515476.3	nitrogen 	29.579
4515476.3	oxygen	4.619
4516220.3	iron 	8.381
4516220.3	methane	26.738
4516220.3	nitrogen 	27.47
4516220.3	oxygen	3.677
4525341.3	iron 	8.195
4525341.3	methane	21.761
4525341.3	nitrogen 	32.698
4525341.3	oxygen	5.755
4440963.3	iron 	6.261
4440963.3	methane	14.18
4440963.3	nitrogen 	26.241
4440963.3	oxygen	7.663
4440964.3	iron 	4.978
4440964.3	methane	9.663
4440964.3	nitrogen 	24.038
4440964.3	oxygen	6.381
4440965.3	iron 	3.612
4440965.3	methane	16.012
4440965.3	nitrogen 	19.729
4440965.3	oxygen	5.985
4440967.3	iron 	6.421
4440967.3	methane	15.938
4440967.3	nitrogen 	21.23
4440967.3	oxygen	5.448
4440968.3	iron 	6.389
4440968.3	methane	18.268
4440968.3	nitrogen 	22.172
4440968.3	oxygen	4.069
4440969.3	iron 	4.866
4440969.3	methane	14.396
4440969.3	nitrogen 	23.395
4440969.3	oxygen	5.953
4440970.3	iron 	5.936
4440970.3	methane	25.803
4440970.3	nitrogen 	24.832
4440970.3	oxygen	5.759
4440971.3	iron 	5.103
4440971.3	methane	10.749
4440971.3	nitrogen 	25.628
4440971.3	oxygen	6.478
4440972.3	iron 	5.42
4440972.3	methane	9.836
4440972.3	nitrogen 	22.962
4440972.3	oxygen	6.325
4441025.3	iron 	5.48
4441025.3	methane	2.95
4441025.3	nitrogen 	27.262
4441025.3	oxygen	4.504
4441041.3	iron 	4.716
4441041.3	methane	3.686
4441041.3	nitrogen 	23.528
4441041.3	oxygen	4.25
4441050.3	iron 	1.2
4441050.3	methane	4.951
4441050.3	nitrogen 	11.607
4441050.3	oxygen	1.502
4441051.3	iron 	4.459
4441051.3	methane	4.802
4441051.3	nitrogen 	25.212
4441051.3	oxygen	6.295
4441055.3	iron 	5.913
4441055.3	methane	2.683
4441055.3	nitrogen 	21.67
4441055.3	oxygen	4.954
4441056.3	iron 	5.971
4441056.3	methane	8.361
4441056.3	nitrogen 	29.405
4441056.3	oxygen	5.028
4441057.3	iron 	6.106
4441057.3	methane	5.363
4441057.3	nitrogen 	25.486
4441057.3	oxygen	4.85
4441057.4	iron 	2.807
4441057.4	methane	6.859
4441057.4	nitrogen 	26.745
4441057.4	oxygen	6.676
4441062.3	iron 	6.172
4441062.3	methane	7.199
4441062.3	nitrogen 	29.562
4441062.3	oxygen	4.395
4441093.3	iron 	8.7
4441093.3	methane	10.807
4441093.3	nitrogen 	34.244
4441093.3	oxygen	7.11
4441095.3	iron 	2.427
4441095.3	methane	3.541
4441095.3	nitrogen 	17.858
4441095.3	oxygen	3.389
4441096.3	iron 	4.026
4441096.3	methane	5.117
4441096.3	nitrogen 	17.467
4441096.3	oxygen	3.176
4441134.3	iron 	6.007
4441134.3	methane	8.635
4441134.3	nitrogen 	29.096
4441134.3	oxygen	7.843
4441135.3	iron 	6.456
4441135.3	methane	12.202
4441135.3	nitrogen 	30.367
4441135.3	oxygen	7.029
4441137.3	iron 	4.824
4441137.3	methane	9.276
4441137.3	nitrogen 	27.452
4441137.3	oxygen	7.634
4441139.3	iron 	7.057
4441139.3	methane	14.588
4441139.3	nitrogen 	31.651
4441139.3	oxygen	6.635
4441139.4	iron 	4.836
4441139.4	methane	10.406
4441139.4	nitrogen 	30.538
4441139.4	oxygen	7.004
4441147.3	iron 	4.942
4441147.3	methane	11.619
4441147.3	nitrogen 	29.759
4441147.3	oxygen	7.837
4441155.3	iron 	7.556
4441155.3	methane	14.813
4441155.3	nitrogen 	32.154
4441155.3	oxygen	6.623
4441167.3	iron 	7.32
4441167.3	methane	11.674
4441167.3	nitrogen 	32.388
4441167.3	oxygen	7.539
4441570.3	iron 	8.7
4441570.3	methane	26.993
4441570.3	nitrogen 	35.149
4441570.3	oxygen	7.378
4441573.3	iron 	7.554
4441573.3	methane	26.156
4441573.3	nitrogen 	33.878
4441573.3	oxygen	7.525
4441578.3	iron 	1.82
4441578.3	methane	2.555
4441578.3	nitrogen 	12.076
4441578.3	oxygen	5.792
4441593.3	iron 	6.659
4441593.3	methane	10.957
4441593.3	nitrogen 	31.976
4441593.3	oxygen	7.635
4441605.3	iron 	6.908
4441605.3	methane	20.72
4441605.3	nitrogen 	31.978
4441605.3	oxygen	7.525
4441606.3	iron 	7.057
4441606.3	methane	14.588
4441606.3	nitrogen 	31.651
4441606.3	oxygen	6.635
4441607.3	iron 	7.252
4441607.3	methane	20.837
4441607.3	nitrogen 	32.992
4441607.3	oxygen	6.588
4441608.3	iron 	6.007
4441608.3	methane	8.635
4441608.3	nitrogen 	29.096
4441608.3	oxygen	7.843
4441609.3	iron 	6.729
4441609.3	methane	23.376
4441609.3	nitrogen 	32.163
4441609.3	oxygen	7.709
4441611.3	iron 	7.735
4441611.3	methane	26.518
4441611.3	nitrogen 	34.035
4441611.3	oxygen	7.423
4441613.3	iron 	7.803
4441613.3	methane	25.177
4441613.3	nitrogen 	32.494
4441613.3	oxygen	6.635
4441615.3	iron 	6.322
4441615.3	methane	14.95
4441615.3	nitrogen 	31.639
4441615.3	oxygen	6.635
4441617.3	iron 	7.569
4441617.3	methane	23.472
4441617.3	nitrogen 	34.196
4441617.3	oxygen	8.092
4441618.3	iron 	6.659
4441618.3	methane	20.029
4441618.3	nitrogen 	31.609
4441618.3	oxygen	7.58
4441619.3	iron 	7.238
4441619.3	methane	15.971
4441619.3	nitrogen 	30.781
4441619.3	oxygen	5.219
4441656.4	iron 	8.364
4441656.4	methane	16.187
4441656.4	nitrogen 	31.313
4441656.4	oxygen	5.254
4442450.3	iron 	0.218
4442450.3	methane	0.058
4442450.3	nitrogen 	0.867
4442450.3	oxygen	0.285
4442451.3	iron 	1.2
4442451.3	methane	4.951
4442451.3	nitrogen 	11.607
4442451.3	oxygen	1.502
4442464.3	iron 	5.48
4442464.3	methane	2.95
4442464.3	nitrogen 	27.262
4442464.3	oxygen	4.504
4442498.3	iron 	5.913
4442498.3	methane	2.683
4442498.3	nitrogen 	21.67
4442498.3	oxygen	4.954
4442499.3	iron 	4.716
4442499.3	methane	3.686
4442499.3	nitrogen 	23.528
4442499.3	oxygen	4.25
4442499.4	iron 	6.106
4442499.4	methane	5.363
4442499.4	nitrogen 	25.486
4442499.4	oxygen	4.85
4442500.3	iron 	2.807
4442500.3	methane	6.859
4442500.3	nitrogen 	26.745
4442500.3	oxygen	6.676
4442500.4	iron 	6.172
4442500.4	methane	7.199
4442500.4	nitrogen 	29.562
4442500.4	oxygen	4.395
4442503.3	iron 	5.971
4442503.3	methane	8.361
4442503.3	nitrogen 	29.405
4442503.3	oxygen	5.028
4442582.3	iron 	4.459
4442582.3	methane	4.802
4442582.3	nitrogen 	25.212
4442582.3	oxygen	6.295
4442583.3	iron 	4.026
4442583.3	methane	5.117
4442583.3	nitrogen 	17.467
4442583.3	oxygen	3.176
4443679.3	iron 	2.73
4443679.3	methane	8.724
4443679.3	nitrogen 	17.826
4443679.3	oxygen	4.216
4443680.3	iron 	1.903
4443680.3	methane	3.479
4443680.3	nitrogen 	10.527
4443680.3	oxygen	-0.356
4443682.3	iron 	8.849
4443682.3	methane	18.563
4443682.3	nitrogen 	32.682
4443682.3	oxygen	7.516
4443683.3	iron 	5.708
4443683.3	methane	22.608
4443683.3	nitrogen 	25.252
4443683.3	oxygen	6.333
4443684.3	iron 	7.954
4443684.3	methane	16.111
4443684.3	nitrogen 	32.362
4443684.3	oxygen	7.5
4443685.3	iron 	1.723
4443685.3	methane	1.635
4443685.3	nitrogen 	6.992
4443685.3	oxygen	0.733
4443686.3	iron 	7.069
4443686.3	methane	19.994
4443686.3	nitrogen 	30.217
4443686.3	oxygen	7.557
4443687.3	iron 	6.604
4443687.3	methane	9.95
4443687.3	nitrogen 	30.657
4443687.3	oxygen	7.841
4443746.3	iron 	3.146
4443746.3	methane	9.184
4443746.3	nitrogen 	16.454
4443746.3	oxygen	7.268
4443747.3	iron 	0.542
4443747.3	methane	4.295
4443747.3	nitrogen 	5.269
4443747.3	oxygen	2.456
4443749.3	iron 	3.474
4443749.3	methane	10.772
4443749.3	nitrogen 	22.16
4443749.3	oxygen	8.047
4443750.3	iron 	3.709
4443750.3	methane	3.959
4443750.3	nitrogen 	13.944
4443750.3	oxygen	7.052
4443762.3	iron 	3.474
4443762.3	methane	9.122
4443762.3	nitrogen 	17.105
4443762.3	oxygen	7.319
4464065.3	iron 	8.214
4464065.3	methane	9.092
4464065.3	nitrogen 	25.7
4464065.3	oxygen	5.586
4464108.3	iron 	3.591
4464108.3	methane	0.498
4464108.3	nitrogen 	16.104
4464108.3	oxygen	1.938
4465825.3	iron 	5.219
4465825.3	methane	2.79
4465825.3	nitrogen 	24.778
4465825.3	oxygen	4.578
4465946.3	iron 	5.765
4465946.3	methane	5.297
4465946.3	nitrogen 	30.608
4465946.3	oxygen	5.141
4493725.3	iron 	9.279
4493725.3	methane	17.864
4493725.3	nitrogen 	31.715
4493725.3	oxygen	7.481
4515477.3	iron 	3.794
4515477.3	methane	4.389
4515477.3	nitrogen 	31.169
4515477.3	oxygen	5.343
4515478.3	iron 	5.353
4515478.3	methane	5.325
4515478.3	nitrogen 	29.773
4515478.3	oxygen	4.328
4529512.3	iron 	0.566
4529512.3	methane	6.74
4529512.3	nitrogen 	7.387
4529512.3	oxygen	1.911
4441092.3	iron 	9.177
4441092.3	methane	17.536
4441092.3	nitrogen 	33.586
4441092.3	oxygen	6.775
4441121.3	iron 	0.323
4441121.3	methane	0.085
4441121.3	nitrogen 	7.156
4441121.3	oxygen	0.459
4441124.3	iron 	0.869
4441124.3	methane	1.353
4441124.3	nitrogen 	7.311
4441124.3	oxygen	0.763
4441125.3	iron 	2.315
4441125.3	methane	1.615
4441125.3	nitrogen 	8.253
4441125.3	oxygen	1.722
4441126.3	iron 	1.577
4441126.3	methane	0.617
4441126.3	nitrogen 	6.625
4441126.3	oxygen	1.131
4441127.3	iron 	1.316
4441127.3	methane	0.73
4441127.3	nitrogen 	7.853
4441127.3	oxygen	0.509
4441128.3	iron 	3.402
4441128.3	methane	0.026
4441128.3	nitrogen 	9.585
4441128.3	oxygen	1.668
4441129.3	iron 	2.567
4441129.3	methane	1.481
4441129.3	nitrogen 	6.695
4441129.3	oxygen	-0.086
4441130.3	iron 	2.658
4441130.3	methane	1.124
4441130.3	nitrogen 	8.888
4441130.3	oxygen	3.216
4441131.3	iron 	1.646
4441131.3	methane	0.149
4441131.3	nitrogen 	3.837
4441131.3	oxygen	1.194
4441132.3	iron 	0.025
4441132.3	methane	0.029
4441132.3	nitrogen 	1.274
4441132.3	oxygen	0.24
4441133.3	iron 	6.681
4441133.3	methane	10.363
4441133.3	nitrogen 	31.43
4441133.3	oxygen	7.495
4441136.3	iron 	1.33
4441136.3	methane	3.457
4441136.3	nitrogen 	9.764
4441136.3	oxygen	4.691
4441138.3	iron 	6.455
4441138.3	methane	15.988
4441138.3	nitrogen 	29.729
4441138.3	oxygen	7.046
4441143.3	iron 	6.93
4441143.3	methane	19.672
4441143.3	nitrogen 	31.813
4441143.3	oxygen	7.444
4441144.3	iron 	6.75
4441144.3	methane	26.667
4441144.3	nitrogen 	32.084
4441144.3	oxygen	6.61
4441145.3	iron 	5.507
4441145.3	methane	10.984
4441145.3	nitrogen 	30.737
4441145.3	oxygen	6.667
4441146.3	iron 	5.56
4441146.3	methane	11.032
4441146.3	nitrogen 	31.662
4441146.3	oxygen	6.61
4441148.3	iron 	6.585
4441148.3	methane	11.741
4441148.3	nitrogen 	31.064
4441148.3	oxygen	7.649
4441149.3	iron 	6.215
4441149.3	methane	25.379
4441149.3	nitrogen 	31.564
4441149.3	oxygen	6.849
4441150.3	iron 	6.664
4441150.3	methane	22.061
4441150.3	nitrogen 	31.161
4441150.3	oxygen	6.8
4441151.3	iron 	4.969
4441151.3	methane	21.664
4441151.3	nitrogen 	31.246
4441151.3	oxygen	6.613
4441152.3	iron 	6.886
4441152.3	methane	22.782
4441152.3	nitrogen 	31.32
4441152.3	oxygen	7.763
4441153.3	iron 	8.851
4441153.3	methane	16.214
4441153.3	nitrogen 	31.557
4441153.3	oxygen	6.533
4441156.3	iron 	6.646
4441156.3	methane	17.393
4441156.3	nitrogen 	31.442
4441156.3	oxygen	6.702
4441568.3	iron 	4.969
4441568.3	methane	21.664
4441568.3	nitrogen 	31.246
4441568.3	oxygen	6.613
4441574.3	iron 	9.016
4441574.3	methane	26.431
4441574.3	nitrogen 	35.227
4441574.3	oxygen	7.452
4441582.3	iron 	8.851
4441582.3	methane	21.431
4441582.3	nitrogen 	32.161
4441582.3	oxygen	6.533
4441585.3	iron 	7.935
4441585.3	methane	18.853
4441585.3	nitrogen 	32.679
4441585.3	oxygen	6.505
4441589.3	iron 	6.93
4441589.3	methane	19.96
4441589.3	nitrogen 	32.16
4441589.3	oxygen	6.561
4441590.3	iron 	6.681
4441590.3	methane	27.557
4441590.3	nitrogen 	34.404
4441590.3	oxygen	7.474
4441591.3	iron 	9.265
4441591.3	methane	24.038
4441591.3	nitrogen 	33.177
4441591.3	oxygen	7.523
4441594.3	iron 	7.34
4441594.3	methane	17.329
4441594.3	nitrogen 	32.31
4441594.3	oxygen	7.421
4441595.3	iron 	7.866
4441595.3	methane	20.338
4441595.3	nitrogen 	32.408
4441595.3	oxygen	7.421
4441596.3	iron 	6.397
4441596.3	methane	20.631
4441596.3	nitrogen 	31.132
4441596.3	oxygen	6.47
4441596.4	iron 	6.93
4441596.4	methane	25.506
4441596.4	nitrogen 	33.007
4441596.4	oxygen	7.563
4441597.3	iron 	9.016
4441597.3	methane	29.379
4441597.3	nitrogen 	33.9
4441597.3	oxygen	7.498
4441598.3	iron 	9.016
4441598.3	methane	28.889
4441598.3	nitrogen 	33.273
4441598.3	oxygen	7.38
4441599.3	iron 	9.016
4441599.3	methane	30.214
4441599.3	nitrogen 	34.646
4441599.3	oxygen	7.946
4441600.3	iron 	8.115
4441600.3	methane	15.236
4441600.3	nitrogen 	31.317
4441600.3	oxygen	7.763
4441601.3	iron 	6.681
4441601.3	methane	19.161
4441601.3	nitrogen 	31.987
4441601.3	oxygen	7.535
4441602.3	iron 	6.397
4441602.3	methane	26.604
4441602.3	nitrogen 	30.875
4441602.3	oxygen	6.667
4441603.3	iron 	6.681
4441603.3	methane	19.536
4441603.3	nitrogen 	31.982
4441603.3	oxygen	6.482
4441604.3	iron 	5.507
4441604.3	methane	15.307
4441604.3	nitrogen 	32.338
4441604.3	oxygen	7.47
4441610.3	iron 	7.452
4441610.3	methane	23.822
4441610.3	nitrogen 	33.167
4441610.3	oxygen	7.564
4441614.3	iron 	7.06
4441614.3	methane	23.621
4441614.3	nitrogen 	32.958
4441614.3	oxygen	7.429
4441616.3	iron 	7.452
4441616.3	methane	19.589
4441616.3	nitrogen 	32.759
4441616.3	oxygen	7.498
4441620.3	iron 	9.096
4441620.3	methane	18.286
4441620.3	nitrogen 	32.871
4441620.3	oxygen	7.935
4441658.3	iron 	7.866
4441658.3	methane	14.815
4441658.3	nitrogen 	33.262
4441658.3	oxygen	7.533
4441661.3	iron 	6.201
4441661.3	methane	25.358
4441661.3	nitrogen 	32.229
4441661.3	oxygen	7.592
4441662.3	iron 	7.831
4441662.3	methane	22.471
4441662.3	nitrogen 	33.025
4441662.3	oxygen	6.533
4442626.3	iron 	9.016
4442626.3	methane	29.379
4442626.3	nitrogen 	33.9
4442626.3	oxygen	7.498
4442708.3	iron 	6.886
4442708.3	methane	22.708
4442708.3	nitrogen 	31.164
4442708.3	oxygen	7.714
4442709.3	iron 	8.851
4442709.3	methane	15.809
4442709.3	nitrogen 	31.165
4442709.3	oxygen	6.507
4443681.3	iron 	7.01
4443681.3	methane	13.735
4443681.3	nitrogen 	20.233
4443681.3	oxygen	5.318
4443745.3	iron 	0
4443745.3	methane	-0.025
4443745.3	nitrogen 	0.64
4443745.3	oxygen	-0.37
4493726.3	iron 	9.307
4493726.3	methane	16.196
4493726.3	nitrogen 	32.91
4493726.3	oxygen	7.453
4493727.3	iron 	5.154
4493727.3	methane	52.377
4493727.3	nitrogen 	22.151
4493727.3	oxygen	5.133
4474000.3	iron 	1.027
4474000.3	methane	-0.483
4474000.3	nitrogen 	3.18
4474000.3	oxygen	0.918
4478350.3	iron 	5.105
4478350.3	methane	74.073
4478350.3	nitrogen 	28.838
4478350.3	oxygen	5.47
4514452.3	iron 	1.338
4514452.3	methane	0.924
4514452.3	nitrogen 	4.18
4514452.3	oxygen	-0.357
4440036.3	iron 	2.098
4440036.3	methane	4.611
4440036.3	nitrogen 	14.551
4440036.3	oxygen	5.517
4440037.3	iron 	2.035
4440037.3	methane	-0.332
4440037.3	nitrogen 	13.77
4440037.3	oxygen	2.072
4440038.3	iron 	3.815
4440038.3	methane	9.697
4440038.3	nitrogen 	25.257
4440038.3	oxygen	4.688
4440039.3	iron 	3.061
4440039.3	methane	7.494
4440039.3	nitrogen 	22.798
4440039.3	oxygen	5.714
4440041.3	iron 	2.854
4440041.3	methane	5.587
4440041.3	nitrogen 	15.917
4440041.3	oxygen	5.349
4440060.4	iron 	3.582
4440060.4	methane	7.701
4440060.4	nitrogen 	26.281
4440060.4	oxygen	8.482
4440061.3	iron 	0.54
4440061.3	methane	0.597
4440061.3	nitrogen 	3.306
4440061.3	oxygen	-0.011
4440067.3	iron 	4.207
4440067.3	methane	15.546
4440067.3	nitrogen 	28.909
4440067.3	oxygen	7.409
4440090.3	iron 	2.84
4440090.3	methane	1.727
4440090.3	nitrogen 	21.954
4440090.3	oxygen	6.23
4440102.3	iron 	0.34
4440102.3	methane	0.423
4440102.3	nitrogen 	3.32
4440102.3	oxygen	0.328
4440144.4	iron 	0.184
4440144.4	methane	0.193
4440144.4	nitrogen 	1.025
4440144.4	oxygen	0
4440145.4	iron 	0.26
4440145.4	methane	0.596
4440145.4	nitrogen 	4.228
4440145.4	oxygen	0.962
4440279.3	iron 	0.854
4440279.3	methane	3.889
4440279.3	nitrogen 	6.646
4440279.3	oxygen	1.779
4440280.3	iron 	0.987
4440280.3	methane	-0.262
4440280.3	nitrogen 	3.163
4440280.3	oxygen	0.452
4440281.3	iron 	7.293
4440281.3	methane	21.789
4440281.3	nitrogen 	29.436
4440281.3	oxygen	7.793
4440282.3	iron 	1.321
4440282.3	methane	0.851
4440282.3	nitrogen 	12.715
4440282.3	oxygen	1.339
4440304.3	iron 	3.627
4440304.3	methane	3.638
4440304.3	nitrogen 	25
4440304.3	oxygen	4.812
4440305.3	iron 	2.891
4440305.3	methane	0.76
4440305.3	nitrogen 	22.414
4440305.3	oxygen	5.555
4440306.3	iron 	3.825
4440306.3	methane	16.846
4440306.3	nitrogen 	29.989
4440306.3	oxygen	6.434
4440319.3	iron 	2.328
4440319.3	methane	0.106
4440319.3	nitrogen 	18.286
4440319.3	oxygen	3.976
4440320.3	iron 	1.417
4440320.3	methane	1.279
4440320.3	nitrogen 	4.663
4440320.3	oxygen	0.632
4440321.3	iron 	-0.076
4440321.3	methane	0.497
4440321.3	nitrogen 	2.94
4440321.3	oxygen	1.381
4440322.3	iron 	2.844
4440322.3	methane	-0.607
4440322.3	nitrogen 	15.431
4440322.3	oxygen	1.731
4440323.3	iron 	0
4440323.3	methane	0.555
4440323.3	nitrogen 	0
4440323.3	oxygen	0
4440324.3	iron 	2.204
4440324.3	methane	1.839
4440324.3	nitrogen 	16.414
4440324.3	oxygen	3.267
4440325.3	iron 	0.238
4440325.3	methane	0.48
4440325.3	nitrogen 	0.598
4440325.3	oxygen	0.485
4440327.3	iron 	0
4440327.3	methane	0.994
4440327.3	nitrogen 	0.627
4440327.3	oxygen	0.019
4440328.3	iron 	0
4440328.3	methane	-0.091
4440328.3	nitrogen 	0.372
4440328.3	oxygen	0
4440329.3	iron 	2.201
4440329.3	methane	18.596
4440329.3	nitrogen 	21.08
4440329.3	oxygen	4.066
4440358.3	iron 	5.457
4440358.3	methane	2.697
4440358.3	nitrogen 	21.56
4440358.3	oxygen	5.648
4440359.3	iron 	2.682
4440359.3	methane	2.455
4440359.3	nitrogen 	15.548
4440359.3	oxygen	4.701
4440360.3	iron 	3.006
4440360.3	methane	2.329
4440360.3	nitrogen 	18.611
4440360.3	oxygen	5.016
4440361.3	iron 	3.538
4440361.3	methane	2.865
4440361.3	nitrogen 	21.865
4440361.3	oxygen	4.405
4440362.3	iron 	2.949
4440362.3	methane	1.498
4440362.3	nitrogen 	21.102
4440362.3	oxygen	3.857
4440363.3	iron 	4.316
4440363.3	methane	0.917
4440363.3	nitrogen 	14.282
4440363.3	oxygen	5.215
4440364.3	iron 	3.045
4440364.3	methane	6.341
4440364.3	nitrogen 	21.196
4440364.3	oxygen	5.895
4440365.3	iron 	1.336
4440365.3	methane	0.116
4440365.3	nitrogen 	4.339
4440365.3	oxygen	-0.209
4440370.3	iron 	0.455
4440370.3	methane	-0.558
4440370.3	nitrogen 	4.708
4440370.3	oxygen	0.167
4440371.3	iron 	1.38
4440371.3	methane	-0.883
4440371.3	nitrogen 	6.382
4440371.3	oxygen	1.676
4440372.3	iron 	1.273
4440372.3	methane	0.067
4440372.3	nitrogen 	3.238
4440372.3	oxygen	0.737
4440373.3	iron 	1.637
4440373.3	methane	-0.398
4440373.3	nitrogen 	2.691
4440373.3	oxygen	0.485
4440374.3	iron 	2.017
4440374.3	methane	1.444
4440374.3	nitrogen 	12.324
4440374.3	oxygen	3.367
4440375.3	iron 	2.744
4440375.3	methane	-0.855
4440375.3	nitrogen 	8.458
4440375.3	oxygen	0.977
4440376.3	iron 	1.071
4440376.3	methane	0.001
4440376.3	nitrogen 	5.803
4440376.3	oxygen	0.024
4440377.3	iron 	1.067
4440377.3	methane	0.647
4440377.3	nitrogen 	5.65
4440377.3	oxygen	2.706
4440379.3	iron 	1.796
4440379.3	methane	0.46
4440379.3	nitrogen 	4.261
4440379.3	oxygen	0.899
4440380.3	iron 	0.882
4440380.3	methane	0.603
4440380.3	nitrogen 	2.108
4440380.3	oxygen	0.758
4440381.3	iron 	1.85
4440381.3	methane	0.186
4440381.3	nitrogen 	6.859
4440381.3	oxygen	1.876
4440411.3	iron 	2.462
4440411.3	methane	0.745
4440411.3	nitrogen 	17.195
4440411.3	oxygen	2.213
4440412.3	iron 	0
4440412.3	methane	0.049
4440412.3	nitrogen 	1.46
4440412.3	oxygen	0.114
4440413.3	iron 	2.557
4440413.3	methane	0.664
4440413.3	nitrogen 	19.155
4440413.3	oxygen	4.865
4440414.3	iron 	0.587
4440414.3	methane	2.78E-17
4440414.3	nitrogen 	2.78
4440414.3	oxygen	1.202
4440416.3	iron 	1.195
4440416.3	methane	0.692
4440416.3	nitrogen 	3.834
4440416.3	oxygen	1.086
4440417.3	iron 	0.144
4440417.3	methane	0.703
4440417.3	nitrogen 	1.274
4440417.3	oxygen	0.993
4440419.3	iron 	1
4440419.3	methane	4.172
4440419.3	nitrogen 	16.309
4440419.3	oxygen	3.851
4440420.3	iron 	1.851
4440420.3	methane	0.513
4440420.3	nitrogen 	13.072
4440420.3	oxygen	2.938
4440421.3	iron 	1.031
4440421.3	methane	2.357
4440421.3	nitrogen 	3.832
4440421.3	oxygen	1.464
4440422.3	iron 	3.388
4440422.3	methane	3.463
4440422.3	nitrogen 	17.961
4440422.3	oxygen	5.48
4440423.3	iron 	4.062
4440423.3	methane	8.848
4440423.3	nitrogen 	31.094
4440423.3	oxygen	7.033
4440424.3	iron 	0.34
4440424.3	methane	0.086
4440424.3	nitrogen 	1.092
4440424.3	oxygen	-0.182
4440425.3	iron 	3.873
4440425.3	methane	5.431
4440425.3	nitrogen 	23.975
4440425.3	oxygen	4.975
4440426.3	iron 	3.397
4440426.3	methane	0.071
4440426.3	nitrogen 	13.04
4440426.3	oxygen	2.056
4440427.3	iron 	0.781
4440427.3	methane	0.087
4440427.3	nitrogen 	0.732
4440427.3	oxygen	0.451
4440428.3	iron 	1.599
4440428.3	methane	-0.321
4440428.3	nitrogen 	5.41
4440428.3	oxygen	0.932
4440429.3	iron 	1.645
4440429.3	methane	6.064
4440429.3	nitrogen 	17.742
4440429.3	oxygen	3.784
4440430.3	iron 	1.086
4440430.3	methane	7.288
4440430.3	nitrogen 	18.753
4440430.3	oxygen	3.894
4440431.3	iron 	0.144
4440431.3	methane	0.354
4440431.3	nitrogen 	1.525
4440431.3	oxygen	0.665
4440432.3	iron 	0.157
4440432.3	methane	0.774
4440432.3	nitrogen 	1.52
4440432.3	oxygen	0.152
4440433.3	iron 	2.958
4440433.3	methane	6.85
4440433.3	nitrogen 	21.862
4440433.3	oxygen	5.107
4440434.3	iron 	1.58
4440434.3	methane	2.552
4440434.3	nitrogen 	11.13
4440434.3	oxygen	2.237
4440435.3	iron 	3.217
4440435.3	methane	0.254
4440435.3	nitrogen 	17.771
4440435.3	oxygen	3.797
4440436.3	iron 	0.846
4440436.3	methane	-0.043
4440436.3	nitrogen 	5.203
4440436.3	oxygen	2.885
4440437.3	iron 	5.583
4440437.3	methane	6.259
4440437.3	nitrogen 	30.035
4440437.3	oxygen	6.943
4440438.3	iron 	3.23
4440438.3	methane	6.973
4440438.3	nitrogen 	26.141
4440438.3	oxygen	6.786
4440439.3	iron 	0.367
4440439.3	methane	-1.335
4440439.3	nitrogen 	4.345
4440439.3	oxygen	-0.391
4440440.3	iron 	4.062
4440440.3	methane	8.848
4440440.3	nitrogen 	31.094
4440440.3	oxygen	7.033
4440960.3	iron 	1.626
4440960.3	methane	33.342
4440960.3	nitrogen 	15.863
4440960.3	oxygen	-0.364
4440961.3	iron 	1.231
4440961.3	methane	28.488
4440961.3	nitrogen 	17.985
4440961.3	oxygen	1.552
4440973.3	iron 	1.318
4440973.3	methane	29.164
4440973.3	nitrogen 	13.982
4440973.3	oxygen	-0.121
4441621.3	iron 	3.825
4441621.3	methane	16.846
4441621.3	nitrogen 	29.989
4441621.3	oxygen	6.434
4441622.3	iron 	3.825
4441622.3	methane	16.846
4441622.3	nitrogen 	29.989
4441622.3	oxygen	6.434
4441623.3	iron 	2.891
4441623.3	methane	0.76
4441623.3	nitrogen 	22.414
4441623.3	oxygen	5.555
4441624.3	iron 	2.844
4441624.3	methane	-0.607
4441624.3	nitrogen 	15.431
4441624.3	oxygen	1.731
4441625.3	iron 	3.627
4441625.3	methane	3.638
4441625.3	nitrogen 	25
4441625.3	oxygen	4.812
4441625.4	iron 	3.627
4441625.4	methane	3.638
4441625.4	nitrogen 	25
4441625.4	oxygen	4.812
4441626.3	iron 	3.627
4441626.3	methane	3.638
4441626.3	nitrogen 	25
4441626.3	oxygen	4.812
4441627.3	iron 	3.627
4441627.3	methane	3.638
4441627.3	nitrogen 	25
4441627.3	oxygen	4.812
4441628.3	iron 	3.627
4441628.3	methane	3.638
4441628.3	nitrogen 	25
4441628.3	oxygen	4.812
4441629.3	iron 	3.627
4441629.3	methane	3.638
4441629.3	nitrogen 	25
4441629.3	oxygen	4.812
4443711.3	iron 	4.342
4443711.3	methane	6.141
4443711.3	nitrogen 	29.066
4443711.3	oxygen	7.059
4443718.3	iron 	3.045
4443718.3	methane	6.454
4443718.3	nitrogen 	20.583
4443718.3	oxygen	5.895
4443719.3	iron 	3.006
4443719.3	methane	2.568
4443719.3	nitrogen 	18.349
4443719.3	oxygen	5.123
4443720.3	iron 	2.949
4443720.3	methane	1.498
4443720.3	nitrogen 	20.779
4443720.3	oxygen	3.857
4443721.3	iron 	1.49
4443721.3	methane	0.012
4443721.3	nitrogen 	5.375
4443721.3	oxygen	-0.303
4443722.3	iron 	5.457
4443722.3	methane	2.697
4443722.3	nitrogen 	21.56
4443722.3	oxygen	5.648
4443723.3	iron 	2.682
4443723.3	methane	2.455
4443723.3	nitrogen 	15.548
4443723.3	oxygen	4.701
4443724.3	iron 	4.293
4443724.3	methane	0.694
4443724.3	nitrogen 	16.66
4443724.3	oxygen	4.996
4443726.3	iron 	3.538
4443726.3	methane	2.865
4443726.3	nitrogen 	21.865
4443726.3	oxygen	4.405
4443765.3	iron 	4.342
4443765.3	methane	6.141
4443765.3	nitrogen 	29.066
4443765.3	oxygen	7.059
4459940.3	iron 	1.328
4459940.3	methane	30.319
4459940.3	nitrogen 	18.915
4459940.3	oxygen	1.882
4459941.3	iron 	1.135
4459941.3	methane	27.483
4459941.3	nitrogen 	15.112
4459941.3	oxygen	-0.758
4467420.3	iron 	8.581
4467420.3	methane	63.741
4467420.3	nitrogen 	36.549
4467420.3	oxygen	7.812
4477803.3	iron 	5.156
4477803.3	methane	20.502
4477803.3	nitrogen 	33.23
4477803.3	oxygen	7.305
4477804.3	iron 	8.386
4477804.3	methane	24.388
4477804.3	nitrogen 	35.619
4477804.3	oxygen	7.629
4477805.3	iron 	6.96
4477805.3	methane	23.388
4477805.3	nitrogen 	34.309
4477805.3	oxygen	7.233
4477807.3	iron 	7.87
4477807.3	methane	33.515
4477807.3	nitrogen 	35.663
4477807.3	oxygen	7.557
4477872.3	iron 	7.386
4477872.3	methane	23.093
4477872.3	nitrogen 	34.029
4477872.3	oxygen	7.225
4477873.3	iron 	6.592
4477873.3	methane	27.274
4477873.3	nitrogen 	35.334
4477873.3	oxygen	7.557
4477874.3	iron 	7.742
4477874.3	methane	27.68
4477874.3	nitrogen 	36.417
4477874.3	oxygen	7.908
4477875.3	iron 	7.803
4477875.3	methane	27.635
4477875.3	nitrogen 	35.663
4477875.3	oxygen	7.557
4477876.3	iron 	7.868
4477876.3	methane	24.758
4477876.3	nitrogen 	34.214
4477876.3	oxygen	7.238
4477877.3	iron 	8.581
4477877.3	methane	27.627
4477877.3	nitrogen 	34.069
4477877.3	oxygen	7.3
4477899.3	iron 	8.453
4477899.3	methane	21.456
4477899.3	nitrogen 	34.214
4477899.3	oxygen	7.238
4477900.3	iron 	8.378
4477900.3	methane	25.738
4477900.3	nitrogen 	34.116
4477900.3	oxygen	7.3
4477901.3	iron 	4.84
4477901.3	methane	19.933
4477901.3	nitrogen 	31.861
4477901.3	oxygen	7.426
4477902.3	iron 	8.175
4477902.3	methane	20.538
4477902.3	nitrogen 	33.598
4477902.3	oxygen	7.324
4477903.3	iron 	6.054
4477903.3	methane	19.133
4477903.3	nitrogen 	33.057
4477903.3	oxygen	7.373
4477904.3	iron 	7.833
4477904.3	methane	26.037
4477904.3	nitrogen 	32.965
4477904.3	oxygen	7.244
4480719.3	iron 	4.791
4480719.3	methane	73.107
4480719.3	nitrogen 	33.913
4480719.3	oxygen	7.859
4480764.3	iron 	6.735
4480764.3	methane	73.039
4480764.3	nitrogen 	34.366
4480764.3	oxygen	7.814
4480776.3	iron 	4.857
4480776.3	methane	71.997
4480776.3	nitrogen 	33.899
4480776.3	oxygen	7.84
4480815.3	iron 	4.791
4480815.3	methane	71.973
4480815.3	nitrogen 	34.236
4480815.3	oxygen	7.84
4480859.3	iron 	4.857
4480859.3	methane	72.018
4480859.3	nitrogen 	33.635
4480859.3	oxygen	7.84
4480861.3	iron 	4.857
4480861.3	methane	71.966
4480861.3	nitrogen 	34.247
4480861.3	oxygen	7.814
4480863.3	iron 	4.857
4480863.3	methane	73.051
4480863.3	nitrogen 	34.191
4480863.3	oxygen	7.814
4480864.3	iron 	4.857
4480864.3	methane	73.075
4480864.3	nitrogen 	34
4480864.3	oxygen	7.814
4480865.3	iron 	4.857
4480865.3	methane	74.119
4480865.3	nitrogen 	32.712
4480865.3	oxygen	8.005
4480867.3	iron 	4.633
4480867.3	methane	73.018
4480867.3	nitrogen 	33.548
4480867.3	oxygen	7.859
4489630.3	iron 	0
4489630.3	methane	1.123
4489630.3	nitrogen 	0.579
4489630.3	oxygen	0
4489632.3	iron 	0.25
4489632.3	methane	-0.368
4489632.3	nitrogen 	-0.263
4489632.3	oxygen	0
4489633.3	iron 	0
4489633.3	methane	0.006
4489633.3	nitrogen 	0.669
4489633.3	oxygen	0
4489635.3	iron 	0.028
4489635.3	methane	-0.163
4489635.3	nitrogen 	1.305
4489635.3	oxygen	0.225
4489636.3	iron 	0
4489636.3	methane	0.187
4489636.3	nitrogen 	2.131
4489636.3	oxygen	0.651
4489637.3	iron 	0
4489637.3	methane	-0.276
4489637.3	nitrogen 	1.086
4489637.3	oxygen	0.473
4489638.3	iron 	0.135
4489638.3	methane	0.487
4489638.3	nitrogen 	0.968
4489638.3	oxygen	0.485
4489643.3	iron 	0.252
4489643.3	methane	-0.897
4489643.3	nitrogen 	4.53
4489643.3	oxygen	0.34
4489645.3	iron 	0
4489645.3	methane	1.211
4489645.3	nitrogen 	1.652
4489645.3	oxygen	0.01
4489648.3	iron 	0.492
4489648.3	methane	2.068
4489648.3	nitrogen 	4.035
4489648.3	oxygen	-0.087
4489649.3	iron 	2.915
4489649.3	methane	-0.924
4489649.3	nitrogen 	17.735
4489649.3	oxygen	3.567
4489654.3	iron 	2.797
4489654.3	methane	0.751
4489654.3	nitrogen 	14.941
4489654.3	oxygen	0.98
4489655.3	iron 	3.452
4489655.3	methane	2.126
4489655.3	nitrogen 	26.85
4489655.3	oxygen	5.115
4489656.3	iron 	3.387
4489656.3	methane	0.596
4489656.3	nitrogen 	23.073
4489656.3	oxygen	3.933
4489661.3	iron 	1.145
4489661.3	methane	3.566
4489661.3	nitrogen 	11.661
4489661.3	oxygen	1.419
4489663.3	iron 	1.242
4489663.3	methane	5.042
4489663.3	nitrogen 	12.617
4489663.3	oxygen	3.188
4489665.3	iron 	0.852
4489665.3	methane	2.404
4489665.3	nitrogen 	10.095
4489665.3	oxygen	3.054
4489667.3	iron 	0.902
4489667.3	methane	1.691
4489667.3	nitrogen 	11.13
4489667.3	oxygen	1.562
4494621.3	iron 	8.446
4494621.3	methane	30.554
4494621.3	nitrogen 	36.262
4494621.3	oxygen	7.817
4494623.3	iron 	8.453
4494623.3	methane	35.795
4494623.3	nitrogen 	36.055
4494623.3	oxygen	7.908
4494854.3	iron 	8.513
4494854.3	methane	46.442
4494854.3	nitrogen 	36.308
4494854.3	oxygen	7.817
4494855.3	iron 	8.581
4494855.3	methane	66.283
4494855.3	nitrogen 	36.308
4494855.3	oxygen	7.817
4494863.3	iron 	8.504
4494863.3	methane	74.586
4494863.3	nitrogen 	34.75
4494863.3	oxygen	7.557
4494888.3	iron 	8.438
4494888.3	methane	63.384
4494888.3	nitrogen 	36.308
4494888.3	oxygen	7.817
4497979.3	iron 	2.165
4497979.3	methane	-0.299
4497979.3	nitrogen 	14.496
4497979.3	oxygen	2.148
4497980.3	iron 	1.015
4497980.3	methane	-1.42
4497980.3	nitrogen 	10.869
4497980.3	oxygen	1.625
4497981.3	iron 	2.417
4497981.3	methane	0.415
4497981.3	nitrogen 	19.795
4497981.3	oxygen	3.754
4497982.3	iron 	1.932
4497982.3	methane	-0.914
4497982.3	nitrogen 	18.071
4497982.3	oxygen	2.677
4497983.3	iron 	0
4497983.3	methane	0
4497983.3	nitrogen 	0
4497983.3	oxygen	0
4497984.3	iron 	0.587
4497984.3	methane	0.244
4497984.3	nitrogen 	2.444
4497984.3	oxygen	1.376
4497985.3	iron 	0
4497985.3	methane	0.012
4497985.3	nitrogen 	0.639
4497985.3	oxygen	0.578
4497986.3	iron 	0.848
4497986.3	methane	-0.001
4497986.3	nitrogen 	0.98
4497986.3	oxygen	0.929
4498769.3	iron 	6.353
4498769.3	methane	2.968
4498769.3	nitrogen 	26.271
4498769.3	oxygen	5.286
4498770.3	iron 	2.021
4498770.3	methane	-0.467
4498770.3	nitrogen 	12.107
4498770.3	oxygen	1.803
4498771.3	iron 	0.871
4498771.3	methane	-1.281
4498771.3	nitrogen 	9.283
4498771.3	oxygen	0.999
4498772.3	iron 	0.567
4498772.3	methane	1.258
4498772.3	nitrogen 	14.948
4498772.3	oxygen	3.872
4498773.3	iron 	0.879
4498773.3	methane	-0.764
4498773.3	nitrogen 	15.596
4498773.3	oxygen	2.841
4498774.3	iron 	0
4498774.3	methane	0
4498774.3	nitrogen 	0
4498774.3	oxygen	0
4498775.3	iron 	0.587
4498775.3	methane	0.244
4498775.3	nitrogen 	2.134
4498775.3	oxygen	1.376
4498776.3	iron 	0
4498776.3	methane	0.012
4498776.3	nitrogen 	0.639
4498776.3	oxygen	0.578
4498777.3	iron 	0.848
4498777.3	methane	-0.001
4498777.3	nitrogen 	0.98
4498777.3	oxygen	0.929
4498778.3	iron 	2.16
4498778.3	methane	1.808
4498778.3	nitrogen 	20.637
4498778.3	oxygen	3.518
4500753.3	iron 	4.919
4500753.3	methane	4.012
4500753.3	nitrogen 	23.118
4500753.3	oxygen	4.722
4500754.3	iron 	4.285
4500754.3	methane	2.555
4500754.3	nitrogen 	24.009
4500754.3	oxygen	2.757
4500755.3	iron 	5.096
4500755.3	methane	0.293
4500755.3	nitrogen 	23.794
4500755.3	oxygen	4.376
4502539.3	iron 	8.581
4502539.3	methane	33.945
4502539.3	nitrogen 	36.416
4502539.3	oxygen	7.817
4502540.3	iron 	8.581
4502540.3	methane	29.311
4502540.3	nitrogen 	36.416
4502540.3	oxygen	7.817
4502541.3	iron 	8.581
4502541.3	methane	34.834
4502541.3	nitrogen 	36.416
4502541.3	oxygen	7.817
4502542.3	iron 	8.581
4502542.3	methane	34.119
4502542.3	nitrogen 	36.416
4502542.3	oxygen	7.817
4502543.3	iron 	8.581
4502543.3	methane	37.059
4502543.3	nitrogen 	36.416
4502543.3	oxygen	7.817
4502923.3	iron 	8.581
4502923.3	methane	52.278
4502923.3	nitrogen 	36.416
4502923.3	oxygen	7.817
4502924.3	iron 	8.581
4502924.3	methane	49.071
4502924.3	nitrogen 	36.416
4502924.3	oxygen	7.817
4502925.3	iron 	8.581
4502925.3	methane	37.059
4502925.3	nitrogen 	36.416
4502925.3	oxygen	7.817
4502926.3	iron 	8.581
4502926.3	methane	39.909
4502926.3	nitrogen 	36.416
4502926.3	oxygen	7.817
4502927.3	iron 	8.581
4502927.3	methane	78.099
4502927.3	nitrogen 	36.645
4502927.3	oxygen	7.812
4502928.3	iron 	8.581
4502928.3	methane	70.847
4502928.3	nitrogen 	36.416
4502928.3	oxygen	7.817
4502929.3	iron 	8.581
4502929.3	methane	43.793
4502929.3	nitrogen 	36.416
4502929.3	oxygen	7.817
4502930.3	iron 	8.581
4502930.3	methane	50.186
4502930.3	nitrogen 	36.416
4502930.3	oxygen	7.817
4502931.3	iron 	8.581
4502931.3	methane	57.676
4502931.3	nitrogen 	36.645
4502931.3	oxygen	7.812
4502932.3	iron 	8.581
4502932.3	methane	50.16
4502932.3	nitrogen 	36.416
4502932.3	oxygen	7.817
4502933.3	iron 	8.581
4502933.3	methane	39.724
4502933.3	nitrogen 	36.645
4502933.3	oxygen	7.812
4502934.3	iron 	8.581
4502934.3	methane	34.478
4502934.3	nitrogen 	36.416
4502934.3	oxygen	7.817
4502935.3	iron 	8.581
4502935.3	methane	39.903
4502935.3	nitrogen 	36.416
4502935.3	oxygen	7.817
4503511.3	iron 	1.484
4503511.3	methane	1.131
4503511.3	nitrogen 	13.872
4503511.3	oxygen	2.288
4503529.3	iron 	0.857
4503529.3	methane	-0.622
4503529.3	nitrogen 	5.579
4503529.3	oxygen	1.926
4508805.3	iron 	6.853
4508805.3	methane	5.69
4508805.3	nitrogen 	26.087
4508805.3	oxygen	6.52
4510162.3	iron 	8.581
4510162.3	methane	43.069
4510162.3	nitrogen 	36.421
4510162.3	oxygen	7.817
4510166.3	iron 	8.581
4510166.3	methane	43.236
4510166.3	nitrogen 	36.416
4510166.3	oxygen	7.817
4510167.3	iron 	8.581
4510167.3	methane	44.297
4510167.3	nitrogen 	36.416
4510167.3	oxygen	7.817
4510168.3	iron 	8.581
4510168.3	methane	42.857
4510168.3	nitrogen 	36.421
4510168.3	oxygen	7.817
4510169.3	iron 	8.581
4510169.3	methane	45.858
4510169.3	nitrogen 	36.421
4510169.3	oxygen	7.817
4510170.3	iron 	8.581
4510170.3	methane	49.026
4510170.3	nitrogen 	36.062
4510170.3	oxygen	7.817
4510171.3	iron 	8.581
4510171.3	methane	43.069
4510171.3	nitrogen 	36.421
4510171.3	oxygen	7.817
4510172.3	iron 	8.581
4510172.3	methane	43.069
4510172.3	nitrogen 	36.421
4510172.3	oxygen	7.817
4510173.3	iron 	8.581
4510173.3	methane	45.858
4510173.3	nitrogen 	36.067
4510173.3	oxygen	7.817
4510174.3	iron 	8.581
4510174.3	methane	48.94
4510174.3	nitrogen 	36.421
4510174.3	oxygen	7.817
4510175.3	iron 	8.581
4510175.3	methane	45.772
4510175.3	nitrogen 	36.421
4510175.3	oxygen	7.817
4511045.3	iron 	2.579
4511045.3	methane	1.79
4511045.3	nitrogen 	25.847
4511045.3	oxygen	5.412
4511046.3	iron 	7.446
4511046.3	methane	19.194
4511046.3	nitrogen 	33.347
4511046.3	oxygen	7.283
4511047.3	iron 	7.446
4511047.3	methane	25.005
4511047.3	nitrogen 	33.28
4511047.3	oxygen	7.297
4511048.3	iron 	7.446
4511048.3	methane	25.983
4511048.3	nitrogen 	33.78
4511048.3	oxygen	7.22
4511049.3	iron 	7.446
4511049.3	methane	21.49
4511049.3	nitrogen 	33.263
4511049.3	oxygen	7.302
4511050.3	iron 	7.446
4511050.3	methane	25.953
4511050.3	nitrogen 	35.661
4511050.3	oxygen	7.557
4511060.3	iron 	4.381
4511060.3	methane	16.744
4511060.3	nitrogen 	32.125
4511060.3	oxygen	7.406
4511061.3	iron 	4.656
4511061.3	methane	14.319
4511061.3	nitrogen 	32.168
4511061.3	oxygen	7.344
4511062.3	iron 	7.171
4511062.3	methane	20.384
4511062.3	nitrogen 	33.643
4511062.3	oxygen	7.219
4511063.3	iron 	4.381
4511063.3	methane	20.818
4511063.3	nitrogen 	32.207
4511063.3	oxygen	7.344
4511064.3	iron 	0.947
4511064.3	methane	-0.201
4511064.3	nitrogen 	7.812
4511064.3	oxygen	0.4
4511065.3	iron 	7.171
4511065.3	methane	22.515
4511065.3	nitrogen 	33.353
4511065.3	oxygen	7.305
4511111.3	iron 	7.171
4511111.3	methane	23.038
4511111.3	nitrogen 	33.262
4511111.3	oxygen	7.302
4511112.3	iron 	7.171
4511112.3	methane	19.223
4511112.3	nitrogen 	33.135
4511112.3	oxygen	7.283
4511113.3	iron 	7.446
4511113.3	methane	22.043
4511113.3	nitrogen 	33.38
4511113.3	oxygen	7.302
4511114.3	iron 	7.171
4511114.3	methane	18.661
4511114.3	nitrogen 	33.34
4511114.3	oxygen	7.283
4511115.3	iron 	7.446
4511115.3	methane	25.747
4511115.3	nitrogen 	34.5
4511115.3	oxygen	7.559
4511116.3	iron 	4.238
4511116.3	methane	16.408
4511116.3	nitrogen 	32.35
4511116.3	oxygen	7.316
4511134.3	iron 	6.46
4511134.3	methane	22.913
4511134.3	nitrogen 	34.036
4511134.3	oxygen	7.664
4511135.3	iron 	7.446
4511135.3	methane	25.939
4511135.3	nitrogen 	33.249
4511135.3	oxygen	7.23
4511136.3	iron 	5.502
4511136.3	methane	22.052
4511136.3	nitrogen 	33.041
4511136.3	oxygen	7.302
4511137.3	iron 	5.227
4511137.3	methane	19.231
4511137.3	nitrogen 	32.852
4511137.3	oxygen	7.316
4511138.3	iron 	6.46
4511138.3	methane	26.165
4511138.3	nitrogen 	34.801
4511138.3	oxygen	7.672
4511139.3	iron 	7.036
4511139.3	methane	23.398
4511139.3	nitrogen 	32.477
4511139.3	oxygen	7.297
4511140.3	iron 	7.171
4511140.3	methane	24.788
4511140.3	nitrogen 	33.404
4511140.3	oxygen	7.272
4511141.3	iron 	7.446
4511141.3	methane	24.178
4511141.3	nitrogen 	34.309
4511141.3	oxygen	7.65
4511142.3	iron 	4.147
4511142.3	methane	7.385
4511142.3	nitrogen 	30.408
4511142.3	oxygen	7.406
4511143.3	iron 	6.325
4511143.3	methane	16.157
4511143.3	nitrogen 	31.715
4511143.3	oxygen	7.344
4511144.3	iron 	4.147
4511144.3	methane	18.107
4511144.3	nitrogen 	30.855
4511144.3	oxygen	7.406
4511145.3	iron 	5.227
4511145.3	methane	18.591
4511145.3	nitrogen 	32.976
4511145.3	oxygen	7.344
4511146.3	iron 	6.325
4511146.3	methane	8.039
4511146.3	nitrogen 	31.626
4511146.3	oxygen	7.4
4511147.3	iron 	3.914
4511147.3	methane	6.634
4511147.3	nitrogen 	29.451
4511147.3	oxygen	7.462
4511148.3	iron 	6.228
4511148.3	methane	20.152
4511148.3	nitrogen 	32.207
4511148.3	oxygen	7.315
4511149.3	iron 	5.092
4511149.3	methane	26.808
4511149.3	nitrogen 	32.546
4511149.3	oxygen	7.211
4511150.3	iron 	5.227
4511150.3	methane	21.115
4511150.3	nitrogen 	32.98
4511150.3	oxygen	7.344
4511151.3	iron 	4.516
4511151.3	methane	17.696
4511151.3	nitrogen 	32.599
4511151.3	oxygen	7.392
4511152.3	iron 	5.367
4511152.3	methane	19.239
4511152.3	nitrogen 	32.436
4511152.3	oxygen	7.302
4511153.3	iron 	5.502
4511153.3	methane	19.231
4511153.3	nitrogen 	33.184
4511153.3	oxygen	7.316
4511178.3	iron 	6.735
4511178.3	methane	18.774
4511178.3	nitrogen 	32.849
4511178.3	oxygen	7.272
4511179.3	iron 	5.227
4511179.3	methane	20.986
4511179.3	nitrogen 	34.125
4511179.3	oxygen	7.592
4511180.3	iron 	7.171
4511180.3	methane	21.712
4511180.3	nitrogen 	33.098
4511180.3	oxygen	7.35
4511181.3	iron 	4.516
4511181.3	methane	23.937
4511181.3	nitrogen 	32.614
4511181.3	oxygen	7.272
4511182.3	iron 	4.381
4511182.3	methane	24.407
4511182.3	nitrogen 	32.026
4511182.3	oxygen	7.392
4511183.3	iron 	7.446
4511183.3	methane	22.251
4511183.3	nitrogen 	33.211
4511183.3	oxygen	7.316
4511184.3	iron 	7.446
4511184.3	methane	24.199
4511184.3	nitrogen 	34.225
4511184.3	oxygen	7.238
4511185.3	iron 	4.381
4511185.3	methane	20.155
4511185.3	nitrogen 	32.748
4511185.3	oxygen	7.273
4511186.3	iron 	7.171
4511186.3	methane	18.641
4511186.3	nitrogen 	32.911
4511186.3	oxygen	7.283
4511187.3	iron 	5.227
4511187.3	methane	19.527
4511187.3	nitrogen 	32.959
4511187.3	oxygen	7.211
4511188.3	iron 	4.381
4511188.3	methane	17.795
4511188.3	nitrogen 	32.684
4511188.3	oxygen	7.344
4511189.3	iron 	5.227
4511189.3	methane	22.331
4511189.3	nitrogen 	33.331
4511189.3	oxygen	7.348
4511190.3	iron 	7.171
4511190.3	methane	19.514
4511190.3	nitrogen 	33.909
4511190.3	oxygen	7.31
4511191.3	iron 	7.171
4511191.3	methane	20.119
4511191.3	nitrogen 	32.853
4511191.3	oxygen	7.286
4511192.3	iron 	5.227
4511192.3	methane	22.012
4511192.3	nitrogen 	33.244
4511192.3	oxygen	7.283
4511193.3	iron 	7.036
4511193.3	methane	18.684
4511193.3	nitrogen 	32.763
4511193.3	oxygen	7.339
4516366.3	iron 	7.171
4516366.3	methane	65.637
4516366.3	nitrogen 	36.424
4516366.3	oxygen	7.817
4516402.3	iron 	8.306
4516402.3	methane	73.009
4516402.3	nitrogen 	36.416
4516402.3	oxygen	7.817
4516403.3	iron 	8.581
4516403.3	methane	77.038
4516403.3	nitrogen 	36.645
4516403.3	oxygen	7.812
4516455.3	iron 	8.581
4516455.3	methane	76.88
4516455.3	nitrogen 	36.416
4516455.3	oxygen	7.817
4516459.3	iron 	8.581
4516459.3	methane	75.632
4516459.3	nitrogen 	36.416
4516459.3	oxygen	7.817
4516594.3	iron 	8.581
4516594.3	methane	74.909
4516594.3	nitrogen 	36.416
4516594.3	oxygen	7.817
4516637.3	iron 	8.306
4516637.3	methane	75.582
4516637.3	nitrogen 	36.416
4516637.3	oxygen	7.817
4516651.3	iron 	8.581
4516651.3	methane	74.091
4516651.3	nitrogen 	36.416
4516651.3	oxygen	7.817
4516802.3	iron 	8.581
4516802.3	methane	77.941
4516802.3	nitrogen 	36.416
4516802.3	oxygen	7.817
4516803.3	iron 	8.581
4516803.3	methane	77.038
4516803.3	nitrogen 	36.645
4516803.3	oxygen	7.812
4516910.3	iron 	8.581
4516910.3	methane	76.88
4516910.3	nitrogen 	36.416
4516910.3	oxygen	7.817
4516911.3	iron 	8.581
4516911.3	methane	74.592
4516911.3	nitrogen 	36.416
4516911.3	oxygen	7.817
4516952.3	iron 	8.581
4516952.3	methane	74.037
4516952.3	nitrogen 	36.645
4516952.3	oxygen	7.812
4517064.3	iron 	8.581
4517064.3	methane	77.941
4517064.3	nitrogen 	36.416
4517064.3	oxygen	7.817
4517704.3	iron 	4.839
4517704.3	methane	19.186
4517704.3	nitrogen 	27.577
4517704.3	oxygen	5.531
4517705.3	iron 	5.846
4517705.3	methane	19.389
4517705.3	nitrogen 	27.471
4517705.3	oxygen	4.341
4517706.3	iron 	3.876
4517706.3	methane	14.371
4517706.3	nitrogen 	25.748
4517706.3	oxygen	4.507
4517707.3	iron 	3.364
4517707.3	methane	15.648
4517707.3	nitrogen 	25.19
4517707.3	oxygen	5.028
4517708.3	iron 	3.395
4517708.3	methane	16.553
4517708.3	nitrogen 	25.394
4517708.3	oxygen	4.516
4517709.3	iron 	3.386
4517709.3	methane	18.18
4517709.3	nitrogen 	25.698
4517709.3	oxygen	4.458
4517710.3	iron 	4.112
4517710.3	methane	16.835
4517710.3	nitrogen 	27.541
4517710.3	oxygen	4.425
4517711.3	iron 	5.763
4517711.3	methane	17.234
4517711.3	nitrogen 	26.841
4517711.3	oxygen	4.294
4517712.3	iron 	5.392
4517712.3	methane	21.501
4517712.3	nitrogen 	25.982
4517712.3	oxygen	4.409
4517713.3	iron 	5.481
4517713.3	methane	24.431
4517713.3	nitrogen 	26.353
4517713.3	oxygen	4.297
4517714.3	iron 	4.521
4517714.3	methane	22.111
4517714.3	nitrogen 	28.426
4517714.3	oxygen	5.815
4517715.3	iron 	3.343
4517715.3	methane	17.99
4517715.3	nitrogen 	27.921
4517715.3	oxygen	5.686
4517716.3	iron 	4.031
4517716.3	methane	18.052
4517716.3	nitrogen 	28.141
4517716.3	oxygen	5.094
4517717.3	iron 	5.718
4517717.3	methane	21.401
4517717.3	nitrogen 	26.639
4517717.3	oxygen	4.969
4517718.3	iron 	5.786
4517718.3	methane	14.878
4517718.3	nitrogen 	27.812
4517718.3	oxygen	6.628
4517719.3	iron 	3.669
4517719.3	methane	15.109
4517719.3	nitrogen 	26.301
4517719.3	oxygen	5.907
4517720.3	iron 	3.259
4517720.3	methane	16.371
4517720.3	nitrogen 	25.669
4517720.3	oxygen	4.205
4517721.3	iron 	2.393
4517721.3	methane	15.106
4517721.3	nitrogen 	25.76
4517721.3	oxygen	4.296
4517722.3	iron 	5.825
4517722.3	methane	22.114
4517722.3	nitrogen 	28.348
4517722.3	oxygen	6.29
4517723.3	iron 	3.617
4517723.3	methane	21.206
4517723.3	nitrogen 	28.776
4517723.3	oxygen	5.527
4517724.3	iron 	3.373
4517724.3	methane	11.135
4517724.3	nitrogen 	26.507
4517724.3	oxygen	4.248
4517725.3	iron 	3.17
4517725.3	methane	13.294
4517725.3	nitrogen 	26.24
4517725.3	oxygen	4.339
4517726.3	iron 	5.779
4517726.3	methane	21.651
4517726.3	nitrogen 	26.644
4517726.3	oxygen	4.282
4517727.3	iron 	5.823
4517727.3	methane	19.198
4517727.3	nitrogen 	27.07
4517727.3	oxygen	3.795
4517728.3	iron 	2.983
4517728.3	methane	16.286
4517728.3	nitrogen 	25.712
4517728.3	oxygen	3.832
4517729.3	iron 	2.915
4517729.3	methane	15.346
4517729.3	nitrogen 	24.696
4517729.3	oxygen	3.923
4517730.3	iron 	4.982
4517730.3	methane	15.02
4517730.3	nitrogen 	26.014
4517730.3	oxygen	5.077
4517731.3	iron 	2.167
4517731.3	methane	18.233
4517731.3	nitrogen 	25.596
4517731.3	oxygen	4.401
4517732.3	iron 	4.822
4517732.3	methane	15.653
4517732.3	nitrogen 	26.764
4517732.3	oxygen	4.2
4517733.3	iron 	3.238
4517733.3	methane	15.94
4517733.3	nitrogen 	26.24
4517733.3	oxygen	5.03
4517734.3	iron 	5.152
4517734.3	methane	18.313
4517734.3	nitrogen 	28.495
4517734.3	oxygen	5.066
4517735.3	iron 	5.067
4517735.3	methane	18.056
4517735.3	nitrogen 	26.839
4517735.3	oxygen	5.044
4517736.3	iron 	4.974
4517736.3	methane	19.361
4517736.3	nitrogen 	28.076
4517736.3	oxygen	5.719
4517737.3	iron 	4.8
4517737.3	methane	20.286
4517737.3	nitrogen 	27.793
4517737.3	oxygen	6.356
4517738.3	iron 	5.904
4517738.3	methane	18.397
4517738.3	nitrogen 	27.416
4517738.3	oxygen	5.725
4517739.3	iron 	3.635
4517739.3	methane	17.883
4517739.3	nitrogen 	27.634
4517739.3	oxygen	5.492
4517740.3	iron 	6.187
4517740.3	methane	17.878
4517740.3	nitrogen 	29.668
4517740.3	oxygen	6.448
4517741.3	iron 	5.99
4517741.3	methane	22.491
4517741.3	nitrogen 	27.602
4517741.3	oxygen	6.685
4517742.3	iron 	5.504
4517742.3	methane	15.692
4517742.3	nitrogen 	26.174
4517742.3	oxygen	4.373
4517743.3	iron 	4.803
4517743.3	methane	17.914
4517743.3	nitrogen 	26.794
4517743.3	oxygen	5.017
4517744.3	iron 	3.581
4517744.3	methane	17.724
4517744.3	nitrogen 	26.781
4517744.3	oxygen	4.354
4517745.3	iron 	5.386
4517745.3	methane	16.938
4517745.3	nitrogen 	28.119
4517745.3	oxygen	5.033
4521534.3	iron 	8.453
4521534.3	methane	36.371
4521534.3	nitrogen 	35.941
4521534.3	oxygen	7.817
4522552.3	iron 	8.453
4522552.3	methane	36.371
4522552.3	nitrogen 	35.941
4522552.3	oxygen	7.817
4524607.3	iron 	7.512
4524607.3	methane	24.224
4524607.3	nitrogen 	32.845
4524607.3	oxygen	6.449
4531566.3	iron 	7.667
4531566.3	methane	61.619
4531566.3	nitrogen 	36.339
4531566.3	oxygen	7.817
4531567.3	iron 	6.073
4531567.3	methane	3.151
4531567.3	nitrogen 	25.688
4531567.3	oxygen	5.706
4531568.3	iron 	8.514
4531568.3	methane	65.598
4531568.3	nitrogen 	36.268
4531568.3	oxygen	7.817
4531569.3	iron 	4.973
4531569.3	methane	3.009
4531569.3	nitrogen 	23.857
4531569.3	oxygen	2.746
4531570.3	iron 	8.504
4531570.3	methane	73.523
4531570.3	nitrogen 	36.32
4531570.3	oxygen	7.817
4531573.3	iron 	7.659
4531573.3	methane	66.3
4531573.3	nitrogen 	35.892
4531573.3	oxygen	7.809
4531583.3	iron 	8.369
4531583.3	methane	67.733
4531583.3	nitrogen 	36.32
4531583.3	oxygen	7.817
4531584.3	iron 	8.519
4531584.3	methane	63.249
4531584.3	nitrogen 	36.097
4531584.3	oxygen	7.817
4531585.3	iron 	7.793
4531585.3	methane	67.606
4531585.3	nitrogen 	35.96
4531585.3	oxygen	7.809
4531586.3	iron 	8.094
4531586.3	methane	46.665
4531586.3	nitrogen 	36.105
4531586.3	oxygen	7.817
4531600.3	iron 	7.532
4531600.3	methane	47.45
4531600.3	nitrogen 	35.989
4531600.3	oxygen	7.809
4531601.3	iron 	7.592
4531601.3	methane	61.015
4531601.3	nitrogen 	35.606
4531601.3	oxygen	7.809
4531602.3	iron 	7.598
4531602.3	methane	28.224
4531602.3	nitrogen 	34.882
4531602.3	oxygen	7.709
4531603.3	iron 	7.255
4531603.3	methane	23.089
4531603.3	nitrogen 	33.405
4531603.3	oxygen	6.692
4531604.3	iron 	7.257
4531604.3	methane	17.45
4531604.3	nitrogen 	35.77
4531604.3	oxygen	7.696
4531605.3	iron 	7.6
4531605.3	methane	14.279
4531605.3	nitrogen 	35.15
4531605.3	oxygen	7.482
4531895.3	iron 	8.246
4531895.3	methane	73.02
4531895.3	nitrogen 	35.84
4531895.3	oxygen	7.824
4531896.3	iron 	6.054
4531896.3	methane	70.376
4531896.3	nitrogen 	35.061
4531896.3	oxygen	7.817
4531897.3	iron 	8.444
4531897.3	methane	74.31
4531897.3	nitrogen 	36.145
4531897.3	oxygen	7.817
4531898.3	iron 	7.251
4531898.3	methane	68.786
4531898.3	nitrogen 	34.304
4531898.3	oxygen	7.829
4531922.3	iron 	8.246
4531922.3	methane	73.523
4531922.3	nitrogen 	36.308
4531922.3	oxygen	7.817
4531923.3	iron 	7.398
4531923.3	methane	66.618
4531923.3	nitrogen 	35.406
4531923.3	oxygen	7.817
4531924.3	iron 	7.743
4531924.3	methane	70.491
4531924.3	nitrogen 	36.254
4531924.3	oxygen	7.817
4531925.3	iron 	7.257
4531925.3	methane	72.636
4531925.3	nitrogen 	34.53
4531925.3	oxygen	7.557
4537102.3	iron 	6.332
4537102.3	methane	18.924
4537102.3	nitrogen 	33.083
4537102.3	oxygen	7.423
4537103.3	iron 	6.324
4537103.3	methane	22.702
4537103.3	nitrogen 	32.511
4537103.3	oxygen	7.313
4537104.3	iron 	6.19
4537104.3	methane	25.473
4537104.3	nitrogen 	33.816
4537104.3	oxygen	7.271
4537105.3	iron 	6.25
4537105.3	methane	29.262
4537105.3	nitrogen 	33.813
4537105.3	oxygen	7.271
4539514.3	iron 	8.581
4539514.3	methane	34.119
4539514.3	nitrogen 	36.416
4539514.3	oxygen	7.817
4539515.3	iron 	8.438
4539515.3	methane	33.23
4539515.3	nitrogen 	36.416
4539515.3	oxygen	7.817
4539516.3	iron 	8.581
4539516.3	methane	33.23
4539516.3	nitrogen 	36.416
4539516.3	oxygen	7.817
4539517.3	iron 	8.581
4539517.3	methane	36.908
4539517.3	nitrogen 	36.416
4539517.3	oxygen	7.817
4539518.3	iron 	8.513
4539518.3	methane	39.265
4539518.3	nitrogen 	36.42
4539518.3	oxygen	7.817
4539519.3	iron 	8.438
4539519.3	methane	36.231
4539519.3	nitrogen 	36.416
4539519.3	oxygen	7.817
4539520.3	iron 	8.581
4539520.3	methane	34.119
4539520.3	nitrogen 	36.416
4539520.3	oxygen	7.817
4539521.3	iron 	8.438
4539521.3	methane	34.121
4539521.3	nitrogen 	35.663
4539521.3	oxygen	7.557
4539522.3	iron 	8.581
4539522.3	methane	37.302
4539522.3	nitrogen 	36.416
4539522.3	oxygen	7.817
4539523.3	iron 	8.581
4539523.3	methane	41.262
4539523.3	nitrogen 	36.416
4539523.3	oxygen	7.817
4539524.3	iron 	8.438
4539524.3	methane	48.326
4539524.3	nitrogen 	36.416
4539524.3	oxygen	7.817
4539525.3	iron 	8.581
4539525.3	methane	36.233
4539525.3	nitrogen 	35.663
4539525.3	oxygen	7.557
4539526.3	iron 	8.581
4539526.3	methane	39.401
4539526.3	nitrogen 	35.663
4539526.3	oxygen	7.557
4539527.3	iron 	8.581
4539527.3	methane	42.442
4539527.3	nitrogen 	36.416
4539527.3	oxygen	7.817
4539528.3	iron 	8.581
4539528.3	methane	50.075
4539528.3	nitrogen 	36.416
4539528.3	oxygen	7.817
4539571.3	iron 	8.581
4539571.3	methane	33.134
4539571.3	nitrogen 	36.416
4539571.3	oxygen	7.817
4539572.3	iron 	8.581
4539572.3	methane	34.457
4539572.3	nitrogen 	36.416
4539572.3	oxygen	7.817
4539573.3	iron 	8.581
4539573.3	methane	34.29
4539573.3	nitrogen 	36.416
4539573.3	oxygen	7.817
4539574.3	iron 	8.581
4539574.3	methane	32.537
4539574.3	nitrogen 	36.416
4539574.3	oxygen	7.817
4539575.3	iron 	8.581
4539575.3	methane	34.29
4539575.3	nitrogen 	36.416
4539575.3	oxygen	7.817
4539576.3	iron 	8.581
4539576.3	methane	33.346
4539576.3	nitrogen 	36.416
4539576.3	oxygen	7.817
4539577.3	iron 	8.581
4539577.3	methane	31.289
4539577.3	nitrogen 	36.416
4539577.3	oxygen	7.817
4539578.3	iron 	8.581
4539578.3	methane	31.289
4539578.3	nitrogen 	36.416
4539578.3	oxygen	7.817
4539579.3	iron 	8.581
4539579.3	methane	31.289
4539579.3	nitrogen 	36.416
4539579.3	oxygen	7.817
4539580.3	iron 	8.581
4539580.3	methane	31.289
4539580.3	nitrogen 	36.416
4539580.3	oxygen	7.817
4539581.3	iron 	8.581
4539581.3	methane	31.289
4539581.3	nitrogen 	36.42
4539581.3	oxygen	7.817
4539582.3	iron 	8.581
4539582.3	methane	28.5
4539582.3	nitrogen 	36.416
4539582.3	oxygen	7.817
4539583.3	iron 	8.581
4539583.3	methane	28.5
4539583.3	nitrogen 	36.416
4539583.3	oxygen	7.817
4539584.3	iron 	8.306
4539584.3	methane	33.363
4539584.3	nitrogen 	36.416
4539584.3	oxygen	7.817
4539585.3	iron 	7.361
4539585.3	methane	20.327
4539585.3	nitrogen 	33.999
4539585.3	oxygen	7.551
4539586.3	iron 	7.452
4539586.3	methane	27.697
4539586.3	nitrogen 	36.441
4539586.3	oxygen	7.817
4539587.3	iron 	7.452
4539587.3	methane	27.808
4539587.3	nitrogen 	36.103
4539587.3	oxygen	7.817
4539588.3	iron 	7.452
4539588.3	methane	26.535
4539588.3	nitrogen 	36.434
4539588.3	oxygen	7.817
4539589.3	iron 	7.452
4539589.3	methane	28.469
4539589.3	nitrogen 	35.661
4539589.3	oxygen	7.557
4539590.3	iron 	8.229
4539590.3	methane	26.511
4539590.3	nitrogen 	36.306
4539590.3	oxygen	7.817
4539591.3	iron 	7.452
4539591.3	methane	27.598
4539591.3	nitrogen 	34.999
4539591.3	oxygen	7.469
4539592.3	iron 	8.581
4539592.3	methane	28.5
4539592.3	nitrogen 	36.308
4539592.3	oxygen	7.817
4539593.3	iron 	8.581
4539593.3	methane	31.477
4539593.3	nitrogen 	36.302
4539593.3	oxygen	7.817
4539594.3	iron 	8.581
4539594.3	methane	31.289
4539594.3	nitrogen 	36.416
4539594.3	oxygen	7.817
4544291.3	iron 	7.392
4544291.3	methane	66.813
4544291.3	nitrogen 	35.814
4544291.3	oxygen	7.817
4544292.3	iron 	7.599
4544292.3	methane	70.725
4544292.3	nitrogen 	35.949
4544292.3	oxygen	7.817
4544293.3	iron 	7.675
4544293.3	methane	63.169
4544293.3	nitrogen 	35.89
4544293.3	oxygen	7.809
4544294.3	iron 	8.171
4544294.3	methane	66.469
4544294.3	nitrogen 	36.082
4544294.3	oxygen	7.817
4544295.3	iron 	7.6
4544295.3	methane	69.341
4544295.3	nitrogen 	35.606
4544295.3	oxygen	7.809
4544296.3	iron 	7.598
4544296.3	methane	72.634
4544296.3	nitrogen 	36.287
4544296.3	oxygen	7.817
4544297.3	iron 	8.438
4544297.3	methane	64.614
4544297.3	nitrogen 	36.325
4544297.3	oxygen	7.817
4544298.3	iron 	7.39
4544298.3	methane	68.796
4544298.3	nitrogen 	36.262
4544298.3	oxygen	7.817
4544299.3	iron 	7.458
4544299.3	methane	48.078
4544299.3	nitrogen 	35.385
4544299.3	oxygen	7.824
4544300.3	iron 	8.436
4544300.3	methane	62.279
4544300.3	nitrogen 	36.018
4544300.3	oxygen	7.809
4544301.3	iron 	8.034
4544301.3	methane	67.693
4544301.3	nitrogen 	36.268
4544301.3	oxygen	7.817
4544302.3	iron 	7.324
4544302.3	methane	63.346
4544302.3	nitrogen 	35.492
4544302.3	oxygen	7.809
4544303.3	iron 	7.458
4544303.3	methane	72.357
4544303.3	nitrogen 	36.056
4544303.3	oxygen	7.804
4544304.3	iron 	7.392
4544304.3	methane	54.727
4544304.3	nitrogen 	35.67
4544304.3	oxygen	7.809
4544305.3	iron 	7.532
4544305.3	methane	72.483
4544305.3	nitrogen 	36.099
4544305.3	oxygen	7.817
4544306.3	iron 	7.518
4544306.3	methane	69.685
4544306.3	nitrogen 	36.277
4544306.3	oxygen	7.817
4544307.3	iron 	7.323
4544307.3	methane	68.646
4544307.3	nitrogen 	36.269
4544307.3	oxygen	7.817
4544308.3	iron 	7.331
4544308.3	methane	38.368
4544308.3	nitrogen 	35.489
4544308.3	oxygen	7.9
4545012.3	iron 	7.658
4545012.3	methane	65.327
4545012.3	nitrogen 	35.959
4545012.3	oxygen	7.809
4545013.3	iron 	7.597
4545013.3	methane	62.748
4545013.3	nitrogen 	35.967
4545013.3	oxygen	7.817
4545014.3	iron 	7.66
4545014.3	methane	67.851
4545014.3	nitrogen 	36.355
4545014.3	oxygen	7.908
4545015.3	iron 	7.458
4545015.3	methane	55.684
4545015.3	nitrogen 	36.331
4545015.3	oxygen	7.817
4545016.3	iron 	7.466
4545016.3	methane	57.813
4545016.3	nitrogen 	36.064
4545016.3	oxygen	7.804
4545017.3	iron 	7.743
4545017.3	methane	63.602
4545017.3	nitrogen 	36.174
4545017.3	oxygen	7.817
4545018.3	iron 	7.466
4545018.3	methane	64.481
4545018.3	nitrogen 	35.947
4545018.3	oxygen	7.809
4545019.3	iron 	7.592
4545019.3	methane	65.764
4545019.3	nitrogen 	36.263
4545019.3	oxygen	7.817
4545020.3	iron 	7.324
4545020.3	methane	64.496
4545020.3	nitrogen 	36.27
4545020.3	oxygen	7.817
4545021.3	iron 	7.466
4545021.3	methane	48.817
4545021.3	nitrogen 	35.79
4545021.3	oxygen	7.809
4545189.3	iron 	7.257
4545189.3	methane	54.652
4545189.3	nitrogen 	35.244
4545189.3	oxygen	7.549
4545190.3	iron 	7.968
4545190.3	methane	58.436
4545190.3	nitrogen 	36.323
4545190.3	oxygen	7.817
4545191.3	iron 	8.034
4545191.3	methane	47.107
4545191.3	nitrogen 	35.6
4545191.3	oxygen	7.809
4545192.3	iron 	7.257
4545192.3	methane	63.084
4545192.3	nitrogen 	35.956
4545192.3	oxygen	7.809
4545193.3	iron 	7.257
4545193.3	methane	53.869
4545193.3	nitrogen 	36.317
4545193.3	oxygen	7.817
4545446.3	iron 	7.324
4545446.3	methane	61.522
4545446.3	nitrogen 	35.961
4545446.3	oxygen	7.809
4545447.3	iron 	7.532
4545447.3	methane	48.166
4545447.3	nitrogen 	35.836
4545447.3	oxygen	7.809
4545448.3	iron 	7.392
4545448.3	methane	40.719
4545448.3	nitrogen 	35.604
4545448.3	oxygen	7.809
4545449.3	iron 	8.31
4545449.3	methane	54.51
4545449.3	nitrogen 	35.732
4545449.3	oxygen	7.804
4545450.3	iron 	8.034
4545450.3	methane	55.113
4545450.3	nitrogen 	35.126
4545450.3	oxygen	7.66
4545675.3	iron 	7.317
4545675.3	methane	30.284
4545675.3	nitrogen 	35.282
4545675.3	oxygen	7.577
4545676.3	iron 	7.392
4545676.3	methane	30.068
4545676.3	nitrogen 	35.162
4545676.3	oxygen	7.557
4545677.3	iron 	7.257
4545677.3	methane	25.372
4545677.3	nitrogen 	36.537
4545677.3	oxygen	7.812
4545678.3	iron 	8.028
4545678.3	methane	35.807
4545678.3	nitrogen 	35.503
4545678.3	oxygen	7.829
4545679.3	iron 	7.968
4545679.3	methane	33.607
4545679.3	nitrogen 	36.078
4545679.3	oxygen	7.817
4545680.3	iron 	7.324
4545680.3	methane	23.35
4545680.3	nitrogen 	34.732
4545680.3	oxygen	7.865
4545681.3	iron 	7.257
4545681.3	methane	24.72
4545681.3	nitrogen 	36.078
4545681.3	oxygen	7.817
4545682.3	iron 	7.968
4545682.3	methane	25.346
4545682.3	nitrogen 	34.863
4545682.3	oxygen	7.557
4545683.3	iron 	7.257
4545683.3	methane	30.544
4545683.3	nitrogen 	35.739
4545683.3	oxygen	7.817
4545684.3	iron 	7.257
4545684.3	methane	37.856
4545684.3	nitrogen 	34.846
4545684.3	oxygen	7.569
4545685.3	iron 	7.257
4545685.3	methane	33.486
4545685.3	nitrogen 	36.537
4545685.3	oxygen	7.812
4545686.3	iron 	7.257
4545686.3	methane	20.766
4545686.3	nitrogen 	33.906
4545686.3	oxygen	7.438
4546279.3	iron 	8.036
4546279.3	methane	71.292
4546279.3	nitrogen 	35.83
4546279.3	oxygen	7.809
4546280.3	iron 	6.901
4546280.3	methane	73.294
4546280.3	nitrogen 	35.783
4546280.3	oxygen	7.817
4546281.3	iron 	8.229
4546281.3	methane	74.217
4546281.3	nitrogen 	36.011
4546281.3	oxygen	7.804
4546282.3	iron 	8.035
4546282.3	methane	73.397
4546282.3	nitrogen 	36.13
4546282.3	oxygen	7.804
4546283.3	iron 	6.592
4546283.3	methane	72.862
4546283.3	nitrogen 	36
4546283.3	oxygen	7.829
4546284.3	iron 	6.114
4546284.3	methane	69.473
4546284.3	nitrogen 	35.783
4546284.3	oxygen	7.817
4546285.3	iron 	7.599
4546285.3	methane	74.325
4546285.3	nitrogen 	36.254
4546285.3	oxygen	7.817
4546286.3	iron 	6.248
4546286.3	methane	64.245
4546286.3	nitrogen 	35.009
4546286.3	oxygen	7.809
4546287.3	iron 	6.316
4546287.3	methane	73.49
4546287.3	nitrogen 	36.252
4546287.3	oxygen	7.817
4546288.3	iron 	8.243
4546288.3	methane	67.242
4546288.3	nitrogen 	35.562
4546288.3	oxygen	7.809
4546289.3	iron 	6.317
4546289.3	methane	73.672
4546289.3	nitrogen 	36.491
4546289.3	oxygen	7.812
4546290.3	iron 	6.893
4546290.3	methane	71.292
4546290.3	nitrogen 	35.517
4546290.3	oxygen	7.809
4546291.3	iron 	6.893
4546291.3	methane	74.026
4546291.3	nitrogen 	35.568
4546291.3	oxygen	7.809
4546292.3	iron 	6.961
4546292.3	methane	71.567
4546292.3	nitrogen 	35.953
4546292.3	oxygen	7.817
4546293.3	iron 	6.96
4546293.3	methane	69.442
4546293.3	nitrogen 	36.136
4546293.3	oxygen	7.817
4546294.3	iron 	6.92
4546294.3	methane	65.611
4546294.3	nitrogen 	35.545
4546294.3	oxygen	7.819
4546367.3	iron 	7.793
4546367.3	methane	73.525
4546367.3	nitrogen 	35.387
4546367.3	oxygen	7.557
4546368.3	iron 	7.793
4546368.3	methane	72.459
4546368.3	nitrogen 	36.306
4546368.3	oxygen	7.817
4546369.3	iron 	7.452
4546369.3	methane	73.514
4546369.3	nitrogen 	36.143
4546369.3	oxygen	7.817
4546370.3	iron 	7.458
4546370.3	methane	73.499
4546370.3	nitrogen 	36.199
4546370.3	oxygen	7.817
4546371.3	iron 	7.527
4546371.3	methane	54.15
4546371.3	nitrogen 	34.894
4546371.3	oxygen	7.431
4546372.3	iron 	8.035
4546372.3	methane	70.727
4546372.3	nitrogen 	35.505
4546372.3	oxygen	7.557
4546373.3	iron 	8.438
4546373.3	methane	72.519
4546373.3	nitrogen 	35.937
4546373.3	oxygen	7.817
4546374.3	iron 	8.169
4546374.3	methane	73.523
4546374.3	nitrogen 	35.969
4546374.3	oxygen	7.817
4546375.3	iron 	7.666
4546375.3	methane	71.581
4546375.3	nitrogen 	35.167
4546375.3	oxygen	7.557
4546376.3	iron 	6.324
4546376.3	methane	59.814
4546376.3	nitrogen 	34.317
4546376.3	oxygen	7.614
4548349.3	iron 	8.581
4548349.3	methane	49.269
4548349.3	nitrogen 	36.295
4548349.3	oxygen	7.817
4548350.3	iron 	8.581
4548350.3	methane	56.573
4548350.3	nitrogen 	35.358
4548350.3	oxygen	7.809
4550335.3	iron 	3.996
4550335.3	methane	37.404
4550335.3	nitrogen 	28.723
4550335.3	oxygen	6.35
4550336.3	iron 	4.194
4550336.3	methane	40.157
4550336.3	nitrogen 	28.492
4550336.3	oxygen	5.703
4440984.3	iron 	8.435
4440984.3	methane	22.078
4440984.3	nitrogen 	31.706
4440984.3	oxygen	7.779
4441020.3	iron 	8.112
4441020.3	methane	33.437
4441020.3	nitrogen 	31.151
4441020.3	oxygen	7.621
4441021.3	iron 	8.285
4441021.3	methane	24.297
4441021.3	nitrogen 	32.315
4441021.3	oxygen	6.674
4441022.3	iron 	8.527
4441022.3	methane	36.25
4441022.3	nitrogen 	33.054
4441022.3	oxygen	8.129
4441205.3	iron 	7.547
4441205.3	methane	24.005
4441205.3	nitrogen 	34.663
4441205.3	oxygen	8.057
4441214.3	iron 	4.627
4441214.3	methane	30.326
4441214.3	nitrogen 	17.882
4441214.3	oxygen	2.02
4441215.3	iron 	4.921
4441215.3	methane	31.892
4441215.3	nitrogen 	20.403
4441215.3	oxygen	1.696
4441347.3	iron 	2.749
4441347.3	methane	14.043
4441347.3	nitrogen 	23.759
4441347.3	oxygen	7.462
4441363.3	iron 	7.217
4441363.3	methane	23.271
4441363.3	nitrogen 	31.072
4441363.3	oxygen	6.906
4442145.3	iron 	0.17
4442145.3	methane	2.327
4442145.3	nitrogen 	3.012
4442145.3	oxygen	0.636
4442219.3	iron 	1.067
4442219.3	methane	0.491
4442219.3	nitrogen 	4.65
4442219.3	oxygen	0.21
4442466.3	iron 	7.638
4442466.3	methane	13.446
4442466.3	nitrogen 	33.863
4442466.3	oxygen	7.593
4443316.3	iron 	2.442
4443316.3	methane	4.286
4443316.3	nitrogen 	10.282
4443316.3	oxygen	2.314
4443317.3	iron 	1.287
4443317.3	methane	3.638
4443317.3	nitrogen 	6.598
4443317.3	oxygen	1.769
4443695.3	iron 	4.307
4443695.3	methane	9.41
4443695.3	nitrogen 	29.994
4443695.3	oxygen	7.068
4443697.3	iron 	5.757
4443697.3	methane	17.926
4443697.3	nitrogen 	32.184
4443697.3	oxygen	7.836
4443698.3	iron 	3.398
4443698.3	methane	1.807
4443698.3	nitrogen 	18.317
4443698.3	oxygen	4.548
4443699.3	iron 	6.876
4443699.3	methane	11.265
4443699.3	nitrogen 	31.925
4443699.3	oxygen	7.086
4443700.3	iron 	3.806
4443700.3	methane	5.338
4443700.3	nitrogen 	28.548
4443700.3	oxygen	6.626
4443701.3	iron 	4.372
4443701.3	methane	10.24
4443701.3	nitrogen 	31.852
4443701.3	oxygen	7.899
4443702.3	iron 	6.128
4443702.3	methane	12.58
4443702.3	nitrogen 	32.796
4443702.3	oxygen	7.809
4443703.3	iron 	4.309
4443703.3	methane	7.827
4443703.3	nitrogen 	30.378
4443703.3	oxygen	7.822
4443704.3	iron 	5.494
4443704.3	methane	7.27
4443704.3	nitrogen 	32.259
4443704.3	oxygen	7.79
4443705.3	iron 	7.162
4443705.3	methane	15.583
4443705.3	nitrogen 	31.743
4443705.3	oxygen	7.822
4443706.3	iron 	5.489
4443706.3	methane	8.262
4443706.3	nitrogen 	27.444
4443706.3	oxygen	7
4443707.3	iron 	5.819
4443707.3	methane	13.097
4443707.3	nitrogen 	27.762
4443707.3	oxygen	7.103
4443708.3	iron 	1.723
4443708.3	methane	-0.386
4443708.3	nitrogen 	4.944
4443708.3	oxygen	1.32
4443709.3	iron 	1.958
4443709.3	methane	0.285
4443709.3	nitrogen 	9.994
4443709.3	oxygen	1.808
4443712.3	iron 	4.652
4443712.3	methane	15.033
4443712.3	nitrogen 	31.444
4443712.3	oxygen	7.009
4443713.3	iron 	4.283
4443713.3	methane	17.396
4443713.3	nitrogen 	31.885
4443713.3	oxygen	6.825
4443714.3	iron 	6.871
4443714.3	methane	16.404
4443714.3	nitrogen 	31.261
4443714.3	oxygen	7.057
4443715.3	iron 	5.848
4443715.3	methane	16.032
4443715.3	nitrogen 	31.454
4443715.3	oxygen	6.839
4443716.3	iron 	6.876
4443716.3	methane	11.144
4443716.3	nitrogen 	31.471
4443716.3	oxygen	6.746
4443717.3	iron 	6.462
4443717.3	methane	17.892
4443717.3	nitrogen 	31.293
4443717.3	oxygen	6.777
4443725.3	iron 	5.571
4443725.3	methane	17.602
4443725.3	nitrogen 	32.269
4443725.3	oxygen	7.899
4443729.3	iron 	5.337
4443729.3	methane	12.58
4443729.3	nitrogen 	32.32
4443729.3	oxygen	7.715
4443731.3	iron 	5.667
4443731.3	methane	10.126
4443731.3	nitrogen 	32.097
4443731.3	oxygen	8.023
4443732.3	iron 	5.767
4443732.3	methane	15.99
4443732.3	nitrogen 	31.511
4443732.3	oxygen	6.98
4443766.3	iron 	4.136
4443766.3	methane	10.953
4443766.3	nitrogen 	31.368
4443766.3	oxygen	8.184
4443776.3	iron 	0.42
4443776.3	methane	0.353
4443776.3	nitrogen 	1.178
4443776.3	oxygen	0.396
4443777.3	iron 	0.721
4443777.3	methane	0.335
4443777.3	nitrogen 	3.708
4443777.3	oxygen	0.88
4447810.3	iron 	6.876
4447810.3	methane	24.168
4447810.3	nitrogen 	34.545
4447810.3	oxygen	7.709
4447811.3	iron 	8.674
4447811.3	methane	21.43
4447811.3	nitrogen 	34.657
4447811.3	oxygen	7.562
4448226.3	iron 	1.927
4448226.3	methane	-0.353
4448226.3	nitrogen 	16.142
4448226.3	oxygen	1.754
4449206.3	iron 	3.957
4449206.3	methane	14.253
4449206.3	nitrogen 	26.364
4449206.3	oxygen	7.16
4451033.3	iron 	8.71
4451033.3	methane	32.046
4451033.3	nitrogen 	33.34
4451033.3	oxygen	7.571
4451034.3	iron 	8.435
4451034.3	methane	35.241
4451034.3	nitrogen 	33.2
4451034.3	oxygen	7.589
4451035.3	iron 	8.474
4451035.3	methane	31.115
4451035.3	nitrogen 	34.401
4451035.3	oxygen	7.54
4451036.3	iron 	8.067
4451036.3	methane	48.917
4451036.3	nitrogen 	33.355
4451036.3	oxygen	7.076
4461451.3	iron 	3.808
4461451.3	methane	3.924
4461451.3	nitrogen 	24.314
4461451.3	oxygen	5.496
4461454.3	iron 	4.861
4461454.3	methane	1.884
4461454.3	nitrogen 	20.855
4461454.3	oxygen	3.358
4461456.3	iron 	2.901
4461456.3	methane	2.73
4461456.3	nitrogen 	20.056
4461456.3	oxygen	3.026
4491734.3	iron 	8.674
4491734.3	methane	38.674
4491734.3	nitrogen 	35.011
4491734.3	oxygen	7.54
4518021.3	iron 	2.606
4518021.3	methane	1.863
4518021.3	nitrogen 	12.82
4518021.3	oxygen	1.251
4524971.3	iron 	8.674
4524971.3	methane	39.967
4524971.3	nitrogen 	36.417
4524971.3	oxygen	7.99
4557979.3	iron 	3.64
4557979.3	methane	3.334
4557979.3	nitrogen 	5.716
4557979.3	oxygen	4.976
4557980.3	iron 	4.739
4557980.3	methane	8.9
4557980.3	nitrogen 	29.344
4557980.3	oxygen	6.528
4557981.3	iron 	5.021
4557981.3	methane	10.611
4557981.3	nitrogen 	29.243
4557981.3	oxygen	6.511
4557982.3	iron 	3.879
4557982.3	methane	14.297
4557982.3	nitrogen 	11.222
4557982.3	oxygen	5.194
4557984.3	iron 	7.32
4557984.3	methane	19.434
4557984.3	nitrogen 	29.763
4557984.3	oxygen	7.143
4557986.3	iron 	8.344
4557986.3	methane	27.911
4557986.3	nitrogen 	34.519
4557986.3	oxygen	8.013
4557988.3	iron 	7.447
4557988.3	methane	10.068
4557988.3	nitrogen 	32.492
4557988.3	oxygen	6.678
4557991.3	iron 	1.206
4557991.3	methane	-0.102
4557991.3	nitrogen 	5.516
4557991.3	oxygen	0.998
4557994.3	iron 	4.032
4557994.3	methane	10.658
4557994.3	nitrogen 	24.957
4557994.3	oxygen	8.523
4557995.3	iron 	6.529
4557995.3	methane	12.676
4557995.3	nitrogen 	32.637
4557995.3	oxygen	7.562
